gene_id,gene_name,rel_amp_PROTECTED,rel_amp_EXPOSED,abs_amp_PROTECTED,abs_amp_EXPOSED,phase_hour_PROTECTED,phase_hour_EXPOSED,average_mesor_PROTECTED,average_mesor_EXPOSED,p_PROTECTED,p_EXPOSED,bh_q_PROTECTED,bh_q_EXPOSED,differentially_rhythmic
ENSG00000025772,TOMM34,0.206598521378096,0.118169283741737,2.69538910171335,1.55350102105145,4.30096742715207,2.3729651519836,13.0465072244177,13.1464029556673,8.72893897903292e-07,0.000119583589265922,1.56406031619999e-05,0.00101583767361783,FALSE
ENSG00000033050,ABCF2,0.333127585560312,0.184520174509531,16.9182418742281,9.03843475287247,4.01396411556626,2.69647192421916,50.7860729869369,48.9834500584953,1.82299641091938e-06,0.000216288340788766,2.7502870035429e-05,0.00155735098035606,FALSE
ENSG00000033178,UBA6,0.222678225966881,0.18931174230879,6.88429504918753,5.92693804871315,3.27816298689251,2.72814991460179,30.9158877986186,31.3078205103918,0.000128012654736561,3.29742435165983e-05,0.000724011708489638,0.000404745857180608,FALSE
ENSG00000036672,USP2,0.201425049795118,0.169608920296282,5.8648570642012,5.27554767671691,17.2921376271883,16.5917269094844,29.1168207239701,31.1041876070038,0.00261030234081333,0.00597206435736375,0.00801997548467185,0.0186743193992787,FALSE
ENSG00000037897,METTL1,0.527538009595729,0.330572393738751,6.47681584445275,3.61266594358827,3.98846908529314,2.61375063109056,12.2774392112829,10.9285167546184,6.94517047326748e-07,0.000145676901178791,1.33037283754972e-05,0.00116830564330537,FALSE
ENSG00000048162,NOP16,0.250431770889397,0.201533488026587,6.92972574896988,5.39708051254872,3.99961754685473,2.88913746347931,27.6711126721633,26.7800679946388,0.00199637419155226,0.000486917959777655,0.00649876860946182,0.00283489910195478,FALSE
ENSG00000052749,RRP12,0.275063282453042,0.240944322517694,12.8592208361696,11.7384546857544,2.99142488770549,1.64464994080537,46.7500450132413,48.7185361460111,0.00185494262910496,0.00120074655787857,0.00614912002327697,0.0055420097421553,FALSE
ENSG00000053372,MRTO4,0.295984343317505,0.193743511324768,12.9175867134518,7.6101450885147,4.7141652078627,3.05732310512091,43.6428041046583,39.2794836662063,1.41881560305149e-05,0.000157157469348479,0.000128502337289089,0.00123217316668132,FALSE
ENSG00000062716,VMP1,0.227911322006069,0.245380266883774,16.8146828501064,19.5867883530073,2.94275356671243,2.25120385563933,73.7773038307355,79.822182124713,1.02398843035271e-06,2.89856920653776e-06,1.76383421476916e-05,7.77377560746933e-05,FALSE
ENSG00000065183,WDR3,0.302284629004,0.18651047500986,10.8751649794536,6.22521046990245,3.25516406830527,2.38291077574601,35.9765728587864,33.3772699338917,0.000120733705581861,0.000682536236319436,0.000692580516242591,0.00365946234012884,FALSE
ENSG00000065911,MTHFD2,0.336015098657619,0.214137803868212,9.83854826550439,6.17139687924156,4.31295466237907,2.40084291459412,29.2800779036698,28.819744892124,8.83569771723383e-05,0.00190362787334014,0.000542273554289484,0.00787859802248296,FALSE
ENSG00000069869,NEDD4,0.280925083041509,0.205007501782317,8.55026457348041,6.32064771764996,3.73675788345214,3.86307107864765,30.4361023263168,30.8312996485437,3.69828441233415e-07,4.82668599613931e-05,8.34101196902564e-06,0.000525249572930657,FALSE
ENSG00000070444,MNT,0.327072347829706,0.229082300275841,12.0158826679196,8.84001965086511,19.1964450914543,20.7825430409989,36.7376904457108,38.5888374624347,0.00392464595968456,0.0872381676510925,0.011126224088026,0.147238758800484,FALSE
ENSG00000070495,JMJD6,0.31640441740429,0.249285095448007,5.56954306181756,4.86167398147997,23.0400173921592,0.962166618227977,17.6026084196574,19.502465531454,2.62793380134096e-05,0.00336787291210474,0.000207830433682441,0.0120311495522367,FALSE
ENSG00000071994,PDCD2,0.296795856113872,0.0937953685867955,12.2012530774121,3.46221518073595,5.52513870743574,5.54752873057194,41.1099172244873,36.9124321691014,1.32804413866235e-09,0.0314733118031091,1.60796489837458e-07,0.0671511995944164,TRUE
ENSG00000072274,TFRC,0.177226554325959,0.254923230582098,12.5238113764451,17.5942696694958,23.5995761861127,1.55021094488971,70.6655468424387,69.0179142533248,0.0439647883518606,0.000140388088058265,0.080547212507133,0.00113908903459637,FALSE
ENSG00000072756,TRNT1,0.2432611481011,0.15812358580119,3.72196572929245,2.45551481094476,3.69091227318627,2.71321525224984,15.3002884280789,15.529086306151,7.75269232143379e-06,0.00011999841550491,8.18890300427123e-05,0.00101664418462074,FALSE
ENSG00000073536,NLE1,0.265929960333662,0.14340660051973,4.78929155294603,2.47868302907133,3.97698259728371,2.91610025580277,18.0095975155899,17.2843022572751,3.31590609050421e-06,0.000447567553100872,4.34833489533944e-05,0.00265791188320046,FALSE
ENSG00000074800,ENO1,0.312267107532332,0.2774579273633,207.432860704793,183.698092791153,3.34347131763121,2.84939253778148,664.280213001031,662.075488478011,4.36647000080307e-06,4.79758570581509e-08,5.35439993903786e-05,5.54203351431883e-06,FALSE
ENSG00000080298,RFX3,0.26031148900461,0.129419532181921,1.79182264608009,0.803098010962488,14.2782124203516,13.9461931951314,6.88337903536925,6.20538490151237,6.05365272070568e-07,0.000979085854144963,1.21374763794084e-05,0.00476216056436889,FALSE
ENSG00000080824,HSP90AA1,0.27886825616528,0.162439157659053,227.37540523249,115.429572372309,6.47740817700423,4.22988598232413,815.350618815962,710.601889567701,1.11435710836657e-06,2.18391617784375e-05,1.87553836689486e-05,0.000304308588311614,TRUE
ENSG00000082516,GEMIN5,0.291325879144898,0.156870185933771,5.00886037510572,2.64904512825542,2.52225785019877,2.43856197439783,17.1933244990379,16.8868616588102,1.30211721390894e-05,0.000288099824150343,0.000120966007781596,0.00191620955038876,FALSE
ENSG00000084774,CAD,0.243705679680009,0.0622750204822214,12.5483775307282,3.26037619725697,4.68481906604549,4.42497803305425,51.4898854520114,52.3544781199671,0.000105104896333668,0.405048724856164,0.000620626497242977,0.489710387559983,FALSE
ENSG00000086061,DNAJA1,0.388312677466204,0.240952149048506,43.6067926462702,27.7481746716869,3.13371924151863,2.54423637071433,112.298143163419,115.160519552373,6.93738444308982e-12,4.27553305109578e-06,5.46966375663517e-09,0.000103597256975727,FALSE
ENSG00000086189,DIMT1,0.240076074985246,0.221091076627263,5.15442710259753,4.65505887184439,3.94556383022207,2.81297600954028,21.4699740609901,21.0549378240731,7.01826240787218e-05,1.98115332664381e-06,0.000451256574808062,6.01142655391119e-05,FALSE
ENSG00000087269,NOP14,0.196056043477838,0.200815785499328,13.2290426117346,12.7917214299603,3.79377107589974,2.51121560025289,67.475821591952,63.6987844265016,0.00101068662912014,2.28709546087524e-06,0.00377599549183861,6.6172219959324e-05,FALSE
ENSG00000089280,FUS,0.206135490196952,0.134069078158442,77.3271296994732,46.356913562338,5.6179751214807,5.13154665869337,375.127687258469,345.768869295527,2.94591685707617e-07,0.00313875655343456,6.94490153584062e-06,0.0114421025951132,FALSE
ENSG00000090263,MRPS33,0.205547224673013,0.0753874422066629,5.34545756326216,1.83991387415823,4.8004135777144,3.39274022693109,26.0059826726719,24.4061055833993,2.48935369260248e-09,0.0325338363123473,2.26603867886463e-07,0.068931272961482,TRUE
ENSG00000090339,ICAM1,0.218252784446023,0.5386290141273,2.54823686965478,11.9071061912767,22.8488391888055,1.77309243536288,11.6756213494495,22.1063215663733,0.182750062530293,0.00156624540798333,0.259694169304385,0.00679457552515436,TRUE
ENSG00000091127,PUS7,0.337276737255603,0.178577620257484,6.12334813788272,2.91509082892279,4.42524229812277,3.67340091018997,18.1552637982328,16.323942634691,1.72389982750067e-05,0.0050159216615392,0.000150235882241516,0.0163778513131409,FALSE
ENSG00000096060,FKBP5,0.573218425169717,0.537542698692502,51.0466270238681,40.15606214317,12.9436232782383,12.1383444746629,89.0526626194096,74.7030184594526,4.63320857718593e-10,4.22195652914677e-08,7.70409922214476e-08,5.31838584595853e-06,FALSE
ENSG00000096746,HNRNPH3,0.229372922102933,0.166497480938724,38.1143521137215,23.5922138382148,6.15483409274189,3.50037168012531,166.16761806181,141.697121813498,8.23437134860872e-09,3.58250121954659e-07,5.16034397429645e-07,2.04942076646631e-05,TRUE
ENSG00000100664,EIF5,0.227728691794684,0.152327704326607,42.2180521504983,27.1636391179607,4.47668494230348,4.35294279276648,185.387496927973,178.323695207269,1.98401378741405e-10,4.06691122656193e-06,4.41832784693582e-08,9.9839468319791e-05,FALSE
ENSG00000101057,MYBL2,0.289623621731811,0.265885033504587,2.10466917667986,1.92191333367978,13.7135633452003,15.0026409520287,7.2669113247564,7.22836222989824,6.56020585898281e-05,1.01709077262898e-06,0.000427665066740066,3.93747104185794e-05,FALSE
ENSG00000101294,HM13,0.215388785936556,0.162201696587732,12.2225602561915,9.33165970891686,4.15022866191537,2.44427183573865,56.7465023912235,57.5312090146328,6.21832545773257e-06,1.92373848367736e-06,7.01798522926541e-05,5.8801329975344e-05,FALSE
ENSG00000101361,NOP56,0.31878041581539,0.222682323922306,26.2046849500179,16.8945535660387,4.2131838652901,2.81296070239374,82.2029323319328,75.8684087199179,0.000126074542966927,0.000122567166908013,0.000716298690360159,0.00103244233783669,FALSE
ENSG00000102554,KLF5,0.207097831104597,0.213740407046985,113.447763481561,85.3120184440021,12.8012691064555,14.4771843981908,547.797931424319,399.138467183926,0.000408588129418469,3.94191005546039e-05,0.0018172263059835,0.000456025605766666,FALSE
ENSG00000103319,EEF2K,0.326508066599621,0.318473108661889,78.6221768329022,61.059384670786,15.9491256738298,13.635873617323,240.797042632678,191.725401643284,3.01411429989883e-07,4.50855993078456e-09,7.07891138117483e-06,1.5027954350521e-06,TRUE
ENSG00000104131,EIF3J,0.211967592530959,0.154235781874727,18.9059716495368,12.3301902675817,3.84122565157031,2.03285268406387,89.1927460410035,79.9437725650232,3.44753476639555e-07,2.87884291553405e-05,7.94368825930132e-06,0.000370932705497429,FALSE
ENSG00000104356,POP1,0.465637387780355,0.183107950627543,4.22467110957545,1.6101454364418,3.81807714730504,3.56464539214065,9.07287778095745,8.79342175434517,3.87075606826508e-07,0.0205090765064741,8.60467004052296e-06,0.0487549929684023,TRUE
ENSG00000104626,ERI1,0.265519815619134,0.136737847229155,2.98491093837626,1.46521952972836,3.00106732128038,2.86101834417927,11.2417633742932,10.715537500549,1.31906875327314e-07,4.18315828785503e-05,3.79910079031624e-06,0.000473748289178903,FALSE
ENSG00000104635,SLC39A14,0.478379618936808,0.62943096975803,17.9725697693679,39.3134782635031,3.08171970965141,1.76624155440323,37.5696811860666,62.4587606145536,3.53506837538771e-06,0.000100866775078474,4.54579882971315e-05,0.000901081340976824,FALSE
ENSG00000104691,UBXN8,0.25863278822101,0.131712259484273,1.60001152773347,0.732204578871701,6.05945332877725,4.7452185989011,6.18642183281964,5.55912245176487,1.73532364194262e-05,0.0358904987167159,0.000150915070701997,0.0742642126258775,FALSE
ENSG00000104907,TRMT1,0.211420138901042,0.120054953308172,7.85590651981309,4.16479903774159,5.04702310525215,2.8874674202016,37.1577966065481,34.6907722087139,0.000324884567411599,0.0186388016076994,0.00150786581324528,0.0454436940077457,FALSE
ENSG00000105447,GRWD1,0.200727226175796,0.136520341934072,8.50057628136901,5.44406717171236,2.96832354664058,1.07386575932208,42.348895281023,39.8773332573501,8.43270972621787e-05,0.000720867191936408,0.000523380353699568,0.00380445821017306,FALSE
ENSG00000105676,ARMC6,0.337873292339112,0.127881636565424,6.28702707398736,2.09676934637086,5.17057189355031,2.92832781173064,18.6076473534264,16.3961722940428,3.56713506009074e-06,0.106643174727581,4.58143577079213e-05,0.172855086044666,TRUE
ENSG00000105835,NAMPT,0.331095144639912,0.528296660641623,35.6716589107846,86.8244901120653,1.00649788617488,1.51994681027106,107.738393293505,164.347982072451,0.0217668961489553,0.00216316614389462,0.0452877814270306,0.00864642467324034,FALSE
ENSG00000107833,NPM3,0.427966073191214,0.218891937703818,6.6196968413606,3.19290737034942,4.86664529157973,3.91346529851074,15.4678075110008,14.5866832915049,1.21628947276101e-08,0.000279044843356943,6.74148711769005e-07,0.00188011990608213,TRUE
ENSG00000107937,GTPBP4,0.170391248584506,0.248655615746404,7.30184622557237,10.2562443065629,3.44512062667846,1.51520887390165,42.853411112549,41.2467833303346,0.0345281725590081,0.000138433583194032,0.0661850259258265,0.00112542712908264,FALSE
ENSG00000108106,UBE2S,0.329974681351638,0.225840027391662,3.77002646938919,2.94249131233581,2.1536973492754,2.02061173127583,11.4251992120924,13.0290956227738,1.1597364728656e-09,0.000122918441549544,1.52242879506388e-07,0.00103365872189101,FALSE
ENSG00000108187,PBLD,0.200625110502773,0.0636343252720839,1.10288637154716,0.336732503810181,16.9623983536122,12.0027770847364,5.49724991444639,5.29168027429221,0.0159629424705751,0.126707031539819,0.035180161562331,0.197520423791635,FALSE
ENSG00000108439,PNPO,0.421808808073288,0.136562873719381,5.66545075678271,1.71250128881636,3.6506907326162,3.22459772203263,13.431323975099,12.5400208869017,1.21737043085293e-09,0.0179856255818131,1.52385094141963e-07,0.044190326477325,TRUE
ENSG00000108651,UTP6,0.243077565239956,0.145673495935936,8.87106657016452,5.26375842675569,3.97053199533761,2.46442162532279,36.4947977054458,36.1339473109822,6.20655102612167e-06,2.46920483307139e-05,7.012095759776e-05,0.000331468821025116,FALSE
ENSG00000108826,MRPL27,0.24451462325607,0.110454515397298,7.41770138058577,3.2612411047895,4.16783209015837,3.41570563104082,30.3364325691781,29.5256476664536,3.58173882650594e-10,0.00221155423491708,6.56880366255229e-08,0.00877356067262746,TRUE
ENSG00000109534,GAR1,0.233227906766116,0.16345932890096,8.35505871069784,5.49790442127686,3.61346884179835,2.25200984902884,35.8235805763861,33.6346934631553,4.62904315688771e-09,3.65873831345934e-05,3.45681420416447e-07,0.000433727428775203,FALSE
ENSG00000109971,HSPA8,0.526558656967378,0.215642598649341,188.519835131616,72.1528795667612,5.57107728050645,5.33722571581413,358.022477908468,334.594741570936,9.46849527065686e-08,0.0117918940968155,2.90620456724908e-06,0.0317479946635117,TRUE
ENSG00000110060,PUS3,0.236922241149024,0.15216020374618,2.85859675217009,1.66271129052069,3.35522986587876,2.22501507442473,12.065548334789,10.9273729239629,7.2925801276381e-08,7.32962201965326e-06,2.40597266591997e-06,0.000145322283318117,FALSE
ENSG00000110092,CCND1,0.174529817486953,0.219775306170953,61.3045574008711,64.1829353127971,12.5026856420513,13.6649921637846,351.255494812248,292.038884763842,1.36889746631375e-05,4.446335181228e-08,0.000125155501499868,5.3835190335043e-06,FALSE
ENSG00000111845,PAK1IP1,0.340167476586381,0.247548425124122,6.90113057778075,4.5701895821249,4.30373256433713,2.76679056911492,20.2874497204565,18.4618002713344,6.26988998305935e-05,0.000195066194114038,0.000411752490672633,0.0014452270481826,FALSE
ENSG00000111912,NCOA7,0.205326133962406,0.349682194969864,6.35521978389572,13.850084447314,1.32128042328403,1.93051722941323,30.9518309299065,39.6076341505109,0.029253924909967,0.00252404983841361,0.0576617192274693,0.0097109752424782,FALSE
ENSG00000112029,FBXO5,0.237640084797497,0.128535313377899,1.38187662752323,0.738316015746357,2.31473649690367,1.65823294582892,5.81499804084309,5.7440713866366,2.98872371007446e-08,0.00132062769822275,1.2624004482478e-06,0.0059693903677187,FALSE
ENSG00000112242,E2F3,0.180128694280308,0.200093646917688,1.24980707668915,1.65767757595889,4.05072796401876,2.39918130358135,6.93841190423697,8.28450878623253,0.0899202993274051,0.00289829806831462,0.145579131885248,0.0107349792723349,FALSE
ENSG00000112245,PTP4A1,0.370967612532874,0.343859153948521,33.2901652096522,34.5641790357849,20.4379257769324,22.800282468717,89.7387375203868,100.518420518651,0.0192865795601864,0.0636953699925747,0.0410588825017214,0.115625176008355,FALSE
ENSG00000112578,BYSL,0.382675238414268,0.281825224405464,5.59530605492191,3.98376383897455,3.18349604610956,1.5368378158149,14.6215524111457,14.1355829570567,1.62884998379891e-07,2.31991797290537e-05,4.43531890004172e-06,0.000317581745775004,FALSE
ENSG00000112715,VEGFA,0.379196300293158,0.4756295660971,34.5520794706816,50.8313960539653,23.4629770176476,1.45482957676877,91.1192420494852,106.871817223381,0.0057186726423039,0.000743445882276096,0.0152030625713434,0.00388579781972556,FALSE
ENSG00000113356,POLR3G,0.343545010014077,0.169336745147837,1.89755600087189,0.874688851896137,4.64705343915976,3.09811932353336,5.52345673946519,5.16538127110275,6.23638070582401e-05,0.00759175068571817,0.000410483451452798,0.0224189383308019,FALSE
ENSG00000113739,STC2,0.21832453153692,0.364489712370177,1.11997400100925,2.54826271578187,17.7993524700801,0.438602297301867,5.12985871594489,6.9913158843667,0.130730454691645,0.0116393244888916,0.198362270405099,0.0314526577900253,TRUE
ENSG00000113845,TIMMDC1,0.205516327370347,0.0573776522796979,9.09965209590673,2.34867633118953,5.72796162401666,3.2578845062846,44.2770275838419,40.9336429406431,1.17148195904975e-07,0.0890307553558683,3.47089655905045e-06,0.149696986658087,TRUE
ENSG00000114315,HES1,0.558609829870752,0.275620794313984,52.1496899722008,23.2094209583179,18.6454021629278,20.9181085837664,93.3561981611868,84.2078008522027,0.00665114753592549,0.121888533913163,0.0172413984946895,0.191717422177285,FALSE
ENSG00000114503,NCBP2,0.24917029514248,0.165916241160026,15.4129012643619,9.77289654769502,3.83355793557004,3.21666515675405,61.8568969288593,58.9025913278079,5.15342828212048e-09,7.64754783173986e-08,3.69465642891281e-07,7.5096511031203e-06,FALSE
ENSG00000114686,MRPL3,0.200286599889468,0.135407878792626,12.6938888973351,7.92629841973645,4.88232596181634,3.40849583970501,63.3786229550079,58.5364639813568,1.04533249349511e-05,2.64029565175367e-05,0.000102567596588336,0.000349916334463549,FALSE
ENSG00000114767,RRP9,0.406192357079173,0.322692469822196,10.370134399989,7.54838991765357,3.76894192718523,2.71956281386955,25.5301071506072,23.3918997918134,0.000195766193977615,1.37777993430747e-06,0.00102107913220194,4.77285932243013e-05,FALSE
ENSG00000115484,CCT4,0.218030589749448,0.10505984054296,23.3414889072816,9.8397170153979,5.51451064565388,3.38611555338467,107.056027936744,93.6582138764465,1.09610580509748e-08,0.000220091674848128,6.42026437101756e-07,0.00157835726108741,TRUE
ENSG00000115541,HSPE1,0.280390118891563,0.248220639435601,17.9086164364771,15.0718816560952,4.86455507024386,3.0068650583645,63.8703550156239,60.7196955513665,4.00895607353406e-09,3.71749383046613e-08,3.14438309390209e-07,5.10716619641525e-06,FALSE
ENSG00000115548,KDM3A,0.295047690925897,0.0934663765042976,27.6838184424137,8.29928596566185,17.0107049544035,17.5415822704192,93.8282836769149,88.7943480432265,7.72505165596718e-06,0.182411680053222,8.17125692973424e-05,0.262412742178305,TRUE
ENSG00000115758,ODC1,0.173642931434579,0.332178700228508,8.28517613251381,16.7309600688616,2.60253806807969,23.7851552239402,47.7138692837335,50.3673476275037,0.42198473967671,0.0139906552879052,0.509790922068028,0.0363797877596884,FALSE
ENSG00000115816,CEBPZ,0.17419464746833,0.200345959401998,8.79944488442027,9.76691113387614,2.30231089466221,1.17677722792515,50.5150130173779,48.7502276713186,0.000872548821078684,8.17212087564174e-05,0.00336168898960364,0.000770328945125685,FALSE
ENSG00000115875,SRSF7,0.255476231988506,0.188408012662941,23.958335474054,17.8957358324488,3.47810766219024,2.1960589749275,93.7791170927082,94.9839424529361,0.000265445000763176,3.2437110158243e-05,0.00129086090746863,0.000400668325233843,FALSE
ENSG00000115946,PNO1,0.245608521990862,0.23886798125614,5.21578285597704,4.7603191250933,3.48734186949915,2.20716124217093,21.2361640129535,19.9286614307205,0.0086635194881236,0.000161150164003631,0.0213651180621311,0.00125685034101894,FALSE
ENSG00000116120,FARSB,0.313410645596015,0.179777231800422,13.6282370014816,7.08246641300855,3.97784139185981,3.0976356148193,43.483644199656,39.3957919035659,7.16182828252288e-07,1.72608356808977e-05,1.35075703378638e-05,0.000256567201163856,FALSE
ENSG00000116649,SRM,0.364100248459804,0.214177652921048,16.9320829518974,9.41647180518874,4.07873815713793,1.82964635869838,46.5039038658241,43.9657063972959,4.94462037698525e-05,0.00223891356909931,0.000341063942043048,0.00884792408343449,FALSE
ENSG00000117394,SLC2A1,0.495299042652815,0.203678070353628,207.607277279107,79.949575413202,17.071518733285,19.2625387249889,419.155418042331,392.529128317018,3.04153674486758e-06,0.0698023040496332,4.06985029455403e-05,0.124056510446484,TRUE
ENSG00000117395,EBNA1BP2,0.282146083600679,0.171513633687434,14.9652232983665,8.1324448024922,4.63020461122027,3.3987411294257,53.0406912170602,47.4157338262259,9.91176384054447e-07,5.73663767922503e-05,1.71918785612559e-05,0.000596180070813461,FALSE
ENSG00000117543,DPH5,0.27818839470282,0.0533181953255826,3.95813374665459,0.700545441907225,5.14181156054903,6.55390260662758,14.2282489924964,13.1389563661975,3.65956408077752e-08,0.413652648508304,1.46276998882617e-06,0.497700162040237,TRUE
ENSG00000117748,RPA2,0.254582007359107,0.0811862296933103,9.55483667952213,2.8972037067324,4.74475929046391,3.24728169729319,37.5314688521735,35.6859004005593,2.10679424213258e-09,0.0264219507395672,2.06880559005003e-07,0.0590834046392582,TRUE
ENSG00000119285,HEATR1,0.278997288965289,0.147966643479946,12.2189944409096,6.18400652847536,3.36186102984217,3.28285256646556,43.7961045651228,41.7932473362718,4.2484548086425e-06,0.00215681361249429,5.23542291685579e-05,0.00862379690971989,FALSE
ENSG00000120254,MTHFD1L,0.221223123659018,0.252152867284892,2.68212882727358,4.12267176510807,5.36828603256382,3.21634169707291,12.1240889420207,16.3498904831017,0.00486555365519307,0.000402998562247275,0.013303731557534,0.00245280384079345,FALSE
ENSG00000120526,NUDCD1,0.322906394539619,0.189973595662254,3.50810698394821,2.00077380480237,3.62925562668367,2.36223614127084,10.8641607700271,10.5318520599013,1.78883208809768e-08,2.52887137382378e-05,8.88785855405025e-07,0.000338385782220562,FALSE
ENSG00000121897,LIAS,0.203437591511871,0.0660041228523747,1.82155459905939,0.557991243270103,4.75605485099795,4.0859345205274,8.95387418579962,8.45388468411452,5.80908082607615e-07,0.199238467901778,1.17796824360969e-05,0.280952021875525,TRUE
ENSG00000122873,CISD1,0.240025530176676,0.135053688972343,3.06967198733673,1.57854401797793,4.44229695199791,2.7698056117347,12.7889395143809,11.6882702722855,2.58908689665632e-09,1.47883821779989e-05,2.3229138624605e-07,0.000234340424576651,TRUE
ENSG00000123416,TUBA1B,0.227665911742268,0.131421920389182,29.3143882754605,15.2480324960907,7.76128909831877,11.0455949629166,128.760551156408,116.023510012154,2.13873056170233e-05,0.0157838732581753,0.000178289497560092,0.0399271163088649,TRUE
ENSG00000123545,NDUFAF4,0.418223489952846,0.333361520414734,3.8118362336483,3.05704865328062,3.1475464126515,2.76422360114129,9.11435231454379,9.17037050190242,4.26922292911792e-05,7.98968440315697e-09,0.000303370251561422,2.11998625939937e-06,FALSE
ENSG00000123975,CKS2,0.400816367394821,0.178421509782828,3.53043336157337,1.66787989387914,2.50543646267682,1.85826126054502,8.80810677597838,9.34797545379625,1.71932114442783e-09,0.00514939210027,1.8230126898627e-07,0.0167060532992891,TRUE
ENSG00000124641,MED20,0.273385586532973,0.131898349831852,3.6172373263256,1.73040619677206,2.13316219699299,1.80781341177675,13.231265672045,13.1192406802513,2.14585021168286e-11,5.3640630522279e-05,1.21640445408622e-08,0.00057126584393112,TRUE
ENSG00000124787,RPP40,0.397650124022464,0.172252182408074,2.13530586536034,0.799263264975852,5.11612081720835,2.92022306279634,5.36981063594416,4.64007627538998,4.15038854520553e-07,0.00565464357482885,9.04886285791226e-06,0.0178827665879451,TRUE
ENSG00000125485,DDX31,0.204532816142737,0.135212389737202,4.66596439746381,3.10845000930025,1.42897111126401,0.249415021297716,22.812791049665,22.9893874026028,0.000142300583732511,0.00854562563505931,0.000786278502316411,0.0245653330294932,FALSE
ENSG00000125630,POLR1B,0.330831833755639,0.186964585853022,7.53353120925638,4.07275448190969,3.09217543122733,2.19163033485294,22.7714821869919,21.783561113073,0.000219370041887891,0.00240864344774838,0.00111300398388279,0.00934895500680672,FALSE
ENSG00000126953,TIMM8A,0.225889739486844,0.0998142676863537,2.17593677065415,0.890987519423711,3.27513449195405,2.19992095268647,9.63273841298522,8.9264545047153,1.28882385612918e-06,0.00471744132719435,2.11485819865618e-05,0.0156590925715839,TRUE
ENSG00000128050,PAICS,0.219687752931028,0.136173180652765,16.8633303356353,8.79776461416115,4.9696423152714,3.35707222221683,76.7604480024408,64.6071757447969,1.24552546728453e-05,0.000177905182354702,0.000117221530098228,0.00135201433829707,FALSE
ENSG00000128059,PPAT,0.214811361901013,0.177450958228837,2.23292225953608,1.72354757425039,3.58682137384904,4.46199660331405,10.3948051898904,9.71281074756295,0.00528191221783236,0.00393028514143882,0.0142392406546881,0.0135959205284797,FALSE
ENSG00000128590,DNAJB9,0.192911713810821,0.295321459486307,3.21892089418885,5.61740047008844,22.5635192025122,2.12727630584042,16.6859794597309,19.0213081022271,0.087700365565814,0.00833223628033055,0.142726250681361,0.0240925848949692,FALSE
ENSG00000128973,CLN6,0.21628078969516,0.105144476394052,7.0552656722714,3.41583232713696,5.24176737900541,6.37980169565077,32.6208614376504,32.4870354038891,2.01377539959594e-06,0.00882916128648756,2.94417268562262e-05,0.0252542363311437,FALSE
ENSG00000130511,SSBP4,0.201732349281295,0.208757049588641,4.83674973850855,5.48695412590858,5.30659188051284,3.43015227957067,23.9760740195624,26.2839225631934,0.000515857831205297,9.5027641277833e-06,0.00218818469828614,0.000173302938308903,FALSE
ENSG00000130810,PPAN,0.227967459515221,0.153911729174909,2.60078379687718,1.70259129236942,3.37691062057094,3.08982300227806,11.4085747255675,11.0621282828585,0.000639493686189192,0.000544064430360693,0.00261222592874727,0.00309253760757895,FALSE
ENSG00000130826,DKC1,0.258896868385575,0.178654596986429,20.9219596511403,12.8123391382317,4.14073247166574,2.75891979342046,80.8119456276357,71.7156980808334,0.000210270647968461,9.40946583789065e-05,0.00107771602288013,0.000856536120177622,FALSE
ENSG00000131016,AKAP12,0.164349220460524,0.332573513610301,5.72259273190843,17.3492158968733,20.3951079093218,1.41438072862176,34.8197132658928,52.1665592323825,0.569916002249132,0.00264609750930391,0.641001304477717,0.0100455044257318,FALSE
ENSG00000132326,PER2,0.491485572457691,0.211848500166502,24.8102279862583,10.756693232677,16.273695588141,16.1432842100816,50.4800738345053,50.7754042356817,0.000477094871670698,0.24795018570658,0.00205663675928285,0.333325337000424,FALSE
ENSG00000132341,RAN,0.273717184092879,0.151003405560697,50.045951316947,24.4893570284823,5.19974201658689,3.44344131522449,182.838178329224,162.177514722598,1.46526034452932e-07,0.000101006126788657,4.10635095654496e-06,0.000901680320101173,TRUE
ENSG00000132603,NIP7,0.302524562861232,0.238864650135431,10.9915623529171,7.8411567293772,3.66478357102062,2.42940497348,36.3327931092952,32.8267775283258,0.000270104026744076,3.69270513992301e-05,0.0013061137330459,0.000436923394686716,FALSE
ENSG00000132661,NXT1,0.180571593264801,0.236878496049381,2.10476073244212,2.63792909038524,1.44028926678403,1.10020924411933,11.6561010200291,11.1362117472889,0.0243473187619352,0.00360020009211106,0.0496136294575316,0.0126651890969582,FALSE
ENSG00000132768,DPH2,0.308248163685442,0.174020306922852,7.08337409525038,3.81670993270639,4.21409695440108,2.27480480981428,22.9794526934433,21.9325548850942,0.000143095671120327,0.000520641454595454,0.000789115142473468,0.00298469644084562,FALSE
ENSG00000132952,USPL1,0.222223716111182,0.149847658093809,3.3111256347611,2.25523367368112,2.61611141899437,2.66837082475011,14.8999651914042,15.0501763081895,7.03855255998971e-11,1.68157373037607e-05,2.47100902187515e-08,0.000254810522375698,FALSE
ENSG00000133316,WDR74,0.264682088602607,0.181048986496851,12.7170443836293,8.3002890592331,3.57920415206841,2.49726279777638,48.0464864500999,45.8455427994206,2.78768528897435e-05,2.16085112206458e-05,0.000217282645242494,0.000301769029599859,FALSE
ENSG00000134057,CCNB1,0.331322247911802,0.0372999652704118,3.13290223845937,0.366006278805131,4.01144149815989,19.2245944108577,9.45575571276864,9.81250990856729,8.76923685974814e-06,0.797250426072341,8.99351586167097e-05,0.834593306769761,TRUE
ENSG00000134107,BHLHE40,0.475288789794715,0.332379793751483,121.349881574345,97.4143613120484,19.3986752597411,23.894094628362,255.318206909019,293.081478306964,0.00254276344422317,0.086698072234314,0.00787259258016563,0.146621494171181,FALSE
ENSG00000134333,LDHA,0.245760741620298,0.267343845090274,193.607061340877,196.761889422806,2.44461352244958,2.08113535260978,787.786772063056,735.988103097588,0.00127407481187981,7.97518772238142e-06,0.00455529959567328,0.000153270465236356,FALSE
ENSG00000134697,GNL2,0.225189063963545,0.211151310735775,14.9775949033643,14.7887719710543,2.03986074744031,1.36216814545916,66.5112001433115,70.0387410313557,0.000471278529235648,0.000312325056514747,0.00203578612334526,0.00203288401868236,FALSE
ENSG00000134815,DHX34,0.296783032344511,0.0822994431950512,7.38189341977523,2.16347498135584,2.38543794500416,1.98675463380941,24.8730305147843,26.2878446969363,3.28943844590643e-06,0.125419798570548,4.31816703777884e-05,0.19607751134177,TRUE
ENSG00000134910,STT3A,0.24864299070529,0.15382860340797,16.8360469068579,10.7869060877386,3.83696825711598,2.43558158003925,67.7117294121241,70.1228890385913,1.4442655028698e-09,3.14136425005137e-06,1.66902795506378e-07,8.31761222131435e-05,FALSE
ENSG00000134987,WDR36,0.316288091041805,0.197358305760675,9.89670328949644,5.72991101270353,3.86045671021798,3.05284967900185,31.290154671642,29.0330370977742,5.57807168179367e-05,0.00036202073116782,0.000374285192526542,0.00227214923925208,FALSE
ENSG00000135372,NAT10,0.224719127566502,0.126445713131063,14.8511615329043,8.23350942961161,2.78186323166064,1.37200201884908,66.0876610448275,65.1149748436108,8.00828223661822e-06,0.000466610921554571,8.37846373933438e-05,0.00273325730517006,FALSE
ENSG00000135404,CD63,0.0652019647170047,0.200050661102796,16.073515007504,54.1961048703461,6.18109105390862,3.15589224947195,246.518875271132,270.911900873436,0.746283459036724,3.58022118630173e-09,0.791672424093823,1.38940335463539e-06,FALSE
ENSG00000135446,CDK4,0.223059456505857,0.107478549559343,8.99516827902665,4.0520691202136,4.42801570235649,3.16446727306023,40.326325635024,37.701189091469,4.2593844435192e-07,0.00025330436631646,9.22201100609861e-06,0.00174228292636051,TRUE
ENSG00000135624,CCT7,0.209920704753835,0.123461268476117,38.5164564455558,20.8859501244506,5.47065239821325,2.74774106918488,183.480979118864,169.170059422247,2.65975074002797e-07,2.22092945306117e-05,6.5038728389978e-06,0.00030814360196119,TRUE
ENSG00000135632,SMYD5,0.272485811705107,0.131373835423805,6.35218776349746,2.94386507106459,5.00797548488582,3.24221786848794,23.3119945722972,22.4083057449592,1.20694754879968e-05,0.0065122763720884,0.00011472441220336,0.0199495452312244,FALSE
ENSG00000135763,URB2,0.384348866583137,0.277283944021433,4.30296045655185,2.90695772902134,3.25747659399165,2.61868373534173,11.1954550427199,10.483685736945,0.000614495268275673,0.000741182401646796,0.00253083569704951,0.0038813243275356,FALSE
ENSG00000136450,SRSF1,0.20969796562329,0.0907520012114765,27.4455310854325,11.3312613022398,4.16638158870735,2.41217880345035,130.881246290852,124.859630101544,5.08575440236823e-08,0.000235651896996353,1.86030187458699e-06,0.0016547380672531,TRUE
ENSG00000136718,IMP4,0.254388492093537,0.174088181213231,12.8943300799082,8.20288612274478,3.54123261993882,2.90963175688145,50.6875526239096,47.1191442496463,2.42480895411645e-06,5.16908729931141e-06,3.40155145858113e-05,0.000115526322060417,FALSE
ENSG00000137054,POLR1E,0.251287163888198,0.167749506323202,4.89813956262024,3.31695316780459,3.66201205600786,2.94427818807822,19.4921996286269,19.7732514420271,3.60587020123109e-06,1.55420397566654e-05,4.60771154710797e-05,0.000241075594285291,FALSE
ENSG00000137168,PPIL1,0.399332472428872,0.225681297771871,5.54222343324307,2.91381435001585,4.44520315581134,3.26582081462278,13.8787196531588,12.9111910414539,7.67082334180145e-08,0.000109358346120384,2.45613340963399e-06,0.000956472770676227,FALSE
ENSG00000137288,UQCC2,0.299334409795491,0.130828374743391,6.90917635159785,2.78551829623173,4.83131591668825,4.15430358057445,23.0817979006098,21.2913926485389,1.96522541053387e-10,0.00458944427459672,4.41832784693582e-08,0.0153280555834215,TRUE
ENSG00000137513,NARS2,0.201105239289709,0.106785731041986,2.57511045812912,1.39987430025308,3.53401567715017,1.47831895151655,12.8047905028444,13.1091887145735,1.95642851417794e-08,0.000169474633448319,9.32331716829086e-07,0.00130222929989771,TRUE
ENSG00000138078,PREPL,0.249589415539194,0.0727097760464317,9.44073234008859,2.6608610860291,5.31809940551725,3.4105558770735,37.8250508728247,36.5956440895913,3.64813495993157e-11,0.0666821946946289,1.63037055121323e-08,0.119739906412774,TRUE
ENSG00000138380,CARF,0.230475349863303,0.222244540052982,2.13962919976032,2.00347522820921,15.3966026260868,12.2036016059169,9.28354898269751,9.01473317513938,7.95844635763196e-05,3.08577607407313e-05,0.000499495644318209,0.00038753991359281,FALSE
ENSG00000138442,WDR12,0.296927196165845,0.179157810001173,7.93448407788866,4.51052861425619,3.84055973704808,2.19703021529858,26.7219849860333,25.1762879565599,2.78142606221642e-07,1.62233847379551e-05,6.73537173240795e-06,0.000248247645481028,FALSE
ENSG00000138821,SLC39A8,0.161634517729793,0.228885151214936,2.74640982758745,5.43862788614445,2.42572122730608,3.04455790498149,16.9914809420762,23.7613836340011,0.0349683015774302,2.0209455354915e-06,0.0668673595137889,6.08773231234651e-05,FALSE
ENSG00000140006,WDR89,0.276771261236005,0.139985976915853,3.21195167956776,1.49912690475847,3.11050545028595,2.21861855129758,11.6050765719816,10.7091219976956,1.64674489380201e-08,0.000361916544766058,8.51347335531766e-07,0.00227214923925208,TRUE
ENSG00000140332,TLE3,0.289283573946218,0.252514375615842,32.6054631464496,29.103640694679,21.9309985601633,20.9026093627007,112.711076891325,115.25538149541,0.000421693573721636,0.00391858985759035,0.00186289073959707,0.0135633455770217,FALSE
ENSG00000140650,PMM2,0.227868867166278,0.187712399078213,3.47939981759006,2.9941137674807,3.8859961004225,3.05177358125566,15.2693075664922,15.9505380687887,0.000232277455956749,6.62507023947836e-05,0.00116381364131644,0.000659387477705783,FALSE
ENSG00000141378,PTRH2,0.343696267003545,0.287631216413729,5.51174535293216,4.52184937742012,3.65246554161376,2.19099225454514,16.0366750590145,15.7209966073915,4.94133565771806e-05,1.29452825122987e-06,0.00034102599328944,4.53484882614823e-05,FALSE
ENSG00000141510,TP53,0.218081237410005,0.0926907042486007,18.1701899480349,7.25499190381389,3.98568865905226,1.46410687029209,83.3184466661567,78.27097617422,1.70085378652401e-08,0.000163069587831751,8.69317523432007e-07,0.00126627697998118,TRUE
ENSG00000142207,URB1,0.211620746987352,0.140515367209078,12.2744193609965,8.18516742386382,2.28903929256153,0.985750431633064,58.0019659496341,58.2510481695915,2.46530452886582e-05,0.000739496954935931,0.000197715837810197,0.00387727199851572,FALSE
ENSG00000143314,MRPL24,0.243924123855526,0.174626216478924,9.20697047842619,6.196030394533,5.26677752466805,3.44727129654225,37.7452231165106,35.4816734821761,3.70734019262086e-06,2.82028879936881e-05,4.69476914699282e-05,0.000368291325831712,FALSE
ENSG00000143977,SNRPG,0.236625136372913,0.168935735255983,7.09945882532851,4.75475380783217,4.20383188158603,2.53569582393092,30.0029782725197,28.1453405972837,4.92004112808832e-09,9.21900971105306e-07,3.57413103615143e-07,3.74495993832387e-05,FALSE
ENSG00000144136,SLC20A1,0.566363052951492,0.428108126970617,14.6928246421399,12.1900973010544,23.5258847873055,0.475354830632059,25.9424137319182,28.4743421885356,0.00970322693364366,0.012366976315633,0.0234150431674671,0.032961863994926,FALSE
ENSG00000144354,CDCA7,0.249313087974997,0.216046981927581,3.82095965798308,2.72606229708172,10.7155416801786,12.6361051176639,15.3259489464359,12.6179142738291,0.00108857346501149,0.000104769365828662,0.00401526166286848,0.000929287881400599,FALSE
ENSG00000144381,HSPD1,0.434367241420242,0.323308433416984,55.8808509641193,41.958458910536,4.0672260927138,3.05858450240049,128.648861229513,129.778423863198,1.34472679783168e-09,4.1027673402949e-07,1.61250845151527e-07,2.1959489914514e-05,FALSE
ENSG00000145194,ECE2,0.541211002592611,0.278016982082882,3.72400619133872,1.63503751800153,3.55380685907363,1.80602849637208,6.88087672552717,5.88107066608649,6.67828854994734e-05,0.00126787050912559,0.000434001753550773,0.00578332593976051,FALSE
ENSG00000145220,LYAR,0.500307564857555,0.382763052496014,10.3556182105807,7.58846810924552,3.1550648233953,2.48469043854757,20.6985041561966,19.825497941248,8.46093591103415e-06,5.20550960709811e-06,8.7347956743797e-05,0.000115924839839501,FALSE
ENSG00000145907,G3BP1,0.207867604420986,0.160692453523107,30.8253029479225,19.8335017381523,4.15028521275605,2.99319590040833,148.292962887537,123.425221927428,7.09999509425047e-06,8.05310159038411e-05,7.6861144809373e-05,0.000761989604959637,FALSE
ENSG00000145912,NHP2,0.210871659471482,0.129584313813505,16.2564433435392,9.29685460757997,4.7286423164177,3.42373712241443,77.0916460954664,71.743672779406,1.12932219574781e-07,0.000195805615069233,3.37740458109614e-06,0.0014483344160904,FALSE
ENSG00000145982,FARS2,0.215813429603441,0.0582112709047681,2.51324642208873,0.586146447157118,12.0210541770324,16.4080929491586,11.6454588887579,10.0692947954364,0.000286497697019418,0.395725579774191,0.0013680162900412,0.481284738186457,TRUE
ENSG00000146733,PSPH,0.29350681834783,0.0342961192842872,2.11139090143222,0.234153971713888,4.89643961179483,2.36497390425436,7.19366900338935,6.82741886255236,9.26998973995733e-06,0.835043490693049,9.330592578451e-05,0.865367074325495,TRUE
ENSG00000146834,MEPCE,0.255739750448877,0.0907274643066437,19.0623288251156,6.72146816774578,1.89715775756008,1.09080908769093,74.5379972869185,74.0841620463274,6.14834816249337e-07,0.00244302848382987,1.22235591397755e-05,0.00945593054681637,TRUE
ENSG00000148297,MED22,0.208438372981356,0.0616880972589344,6.2644373901271,1.95211495681421,3.28884638801051,4.04704849207692,30.0541464631727,31.6449208770413,1.13400831361432e-08,0.045987398269256,6.49314856872622e-07,0.0901032186687872,TRUE
ENSG00000148300,REXO4,0.302832174218071,0.132191911841877,9.71651746271995,4.20099100382529,3.41322125123734,2.31252165889333,32.0854859223877,31.7794859404891,1.88272659510969e-10,6.14436241544065e-05,4.34805247548388e-08,0.000625521172922126,TRUE
ENSG00000148840,PPRC1,0.262436317143095,0.248529151812709,14.7338603794651,14.9716340328038,0.970929912084809,0.3694644131399,56.1426121958243,60.2409573428488,0.00365960277540251,0.00351706394912447,0.0104941150177155,0.0124464541741008,FALSE
ENSG00000148843,PDCD11,0.257724493499442,0.133345150509253,17.5775576040491,9.48224540016988,3.41836214256227,2.99217511110003,68.2028990158327,71.1105380582392,6.36992251267808e-06,0.00173156592257514,7.09654020165301e-05,0.00734501993892334,FALSE
ENSG00000149346,SLX4IP,0.212277500845192,0.0474676355255241,1.89354573186912,0.399648724685415,4.05038487406392,11.5078322137412,8.92014332338512,8.41939397782975,0.000142894545635012,0.372398203826893,0.000788512335670015,0.459001581332791,TRUE
ENSG00000150753,CCT5,0.261154815184913,0.148768134345147,25.8672925423764,13.7657717507729,4.83383308797413,3.17232034697645,99.0496480949848,92.5317226795076,4.23525366006754e-08,1.08831492166578e-05,1.63522750447995e-06,0.000188767390654993,TRUE
ENSG00000151151,IPMK,0.267025910803836,0.0458539770912191,5.56940023357233,0.856554074428702,16.0473944437211,16.8690174885838,20.8571528388634,18.6800388704501,0.000443641343835617,0.772120890186745,0.00193652474587819,0.813132884776127,FALSE
ENSG00000151304,SRFBP1,0.207396385955806,0.162676187427684,1.95464434110825,1.43135337377528,4.00316028549696,2.75627607894535,9.42467889254714,8.79878854064963,0.000298725160979951,0.000915183102495472,0.00141434209915349,0.00453591771533292,FALSE
ENSG00000152455,SUV39H2,0.258469023256546,0.0913399864448664,2.11407231004541,0.715964209024545,3.82852725690657,3.69946388273013,8.17920957571408,7.83845319986671,1.60335152498382e-08,0.00496122940952694,8.40142725549297e-07,0.0162435001223971,TRUE
ENSG00000152518,ZFP36L2,0.381892772573026,0.234809699223077,151.821794670361,88.8932619327983,19.770454226611,20.9451195210484,397.550845614208,378.57576678869,0.00412405644858672,0.0845562067033277,0.0115992575485622,0.143900171096779,FALSE
ENSG00000152795,HNRNPDL,0.2311996463436,0.0832318259556888,45.0775481933763,15.3330083019441,15.5752396050607,4.20649146034149,194.972392502642,184.220496497424,0.000212306136966883,0.159054921471866,0.00108333462934288,0.236031007923298,TRUE
ENSG00000153094,BCL2L11,0.236100245115347,0.129394696805115,2.93424811524252,1.75792741277687,21.3497145150117,0.140046887835755,12.4279757261963,13.5857763585515,0.0174778726074975,0.177773376068765,0.0379402174565886,0.257134281251864,FALSE
ENSG00000153187,HNRNPU,0.210963792750441,0.124253797387877,66.5186760823191,36.7866100805536,5.4461683393844,3.50592324381733,315.308495429864,296.060248088183,7.11260698383708e-10,2.51542455359512e-06,1.08172343531015e-07,7.03360080894277e-05,TRUE
ENSG00000155115,GTF3C6,0.282778460235519,0.175114858959782,6.82876905955638,3.90992654824771,5.92800479797927,3.92758310980135,24.148830338311,22.3277828704741,3.14945286109329e-08,4.10741687951559e-05,1.30723896317175e-06,0.000469941246829715,TRUE
ENSG00000155189,AGPAT5,0.4666354261826,0.231608354778487,6.20955158889857,2.68483626478953,4.05552973575054,3.07768485740057,13.3070728034881,11.592139097734,7.26629907400208e-07,0.00259176047901073,1.36472915288976e-05,0.00990556081328313,TRUE
ENSG00000155380,SLC16A1,0.501636730953158,0.272962427853883,16.5757051342535,8.52133554732208,3.67933697442149,3.03350993156608,33.0432444664849,31.2179797575788,4.37745279146744e-06,0.0028051066990114,5.35985546628419e-05,0.0104916360026966,FALSE
ENSG00000155438,NIFK,0.291794749901295,0.202393579815711,8.38741326818286,5.18882267196042,3.64511452559295,2.29490286094983,28.7442226805659,25.6372888739114,7.74885615725638e-07,1.9034727627606e-06,1.43294087233441e-05,5.87579426346223e-05,FALSE
ENSG00000155660,PDIA4,0.222896957828571,0.213618710183409,14.6317632316073,13.1192677321916,5.58756468236854,4.87091015305874,65.6436201469402,61.4144131894048,7.0151588856195e-07,6.70838202904897e-06,1.33432947000542e-05,0.000136254449974381,FALSE
ENSG00000156239,N6AMT1,0.271930871623664,0.0532542760985556,1.93071591919092,0.398984689502313,2.95660788012389,4.91832793092957,7.10002475137475,7.49206859490359,1.37378745252037e-06,0.427207013688985,2.22211456814286e-05,0.509873968232101,TRUE
ENSG00000156469,MTERF3,0.291710297523769,0.196413120875969,2.6468447152558,1.83003948477313,3.18803430652214,2.47972009132725,9.0735388422143,9.31729752376757,4.84133803871713e-08,1.50880642928497e-07,1.81157906040809e-06,1.20688300144194e-05,FALSE
ENSG00000156697,UTP14A,0.32244477206133,0.206306236874638,7.24094166415724,4.3178627144739,4.63430434048123,2.7134693139198,22.456377933707,20.9293852667074,6.7484290899631e-07,1.98888364172926e-05,1.3048009175338e-05,0.000285753086359512,FALSE
ENSG00000158042,MRPL17,0.299082183434832,0.232396045308679,8.35151574916025,6.16002374144471,3.60161207597548,1.92158560826805,27.9238156323678,26.5065773097071,2.87008403273216e-07,3.1367649087896e-07,6.85686168049861e-06,1.87170311854139e-05,FALSE
ENSG00000159131,GART,0.31113484484567,0.161991603647349,13.6891514945507,7.18800129258388,3.48257576080456,2.55982375503372,43.9974876531135,44.3726781557885,2.44870543288969e-07,1.89560825776254e-05,6.05908838364431e-06,0.000274409968122722,FALSE
ENSG00000160193,WDR4,0.428491197850112,0.201384767046636,7.15458929527118,3.10062636363277,3.73928862056375,3.09747663123461,16.6971674824786,15.3965287896613,1.9981086462385e-05,0.00962062315981223,0.000168595486652505,0.0270100836168434,FALSE
ENSG00000160214,RRP1,0.243226117288425,0.191153683495604,11.4604550954696,9.59088736858594,1.97700220301525,1.58803810020929,47.1185217411476,50.1736989483988,0.000526584780217315,0.000178835606843645,0.00222385329972575,0.00135743082954784,FALSE
ENSG00000160271,RALGDS,0.301223390558713,0.147949396718501,45.5017912953007,19.8888920662756,16.1250175670364,15.268941287139,151.056633453675,134.430369487195,7.46667736392606e-06,0.00417533317753184,7.96552039397108e-05,0.0142499447820229,FALSE
ENSG00000160803,UBQLN4,0.276380998783919,0.121506887562686,16.2793209164918,6.74971368807433,4.45688920743822,2.43309687407538,58.9017370518275,55.5500500709652,1.27894065073442e-07,0.00155193014343187,3.72526097514158e-06,0.00675772374955965,TRUE
ENSG00000160818,GPATCH4,0.414291913171391,0.264577036009758,17.1715185475988,10.2537488880979,3.99180918329544,2.44304743439195,41.4478728685564,38.7552489163109,5.48438602431981e-08,1.76609615425913e-06,1.96539592268082e-06,5.67008971468903e-05,FALSE
ENSG00000160888,IER2,0.264879786523389,0.240780351429282,27.55832597241,25.2578303341453,22.336724299058,23.623154987544,104.040879578316,104.899881506999,0.000828814774968336,0.0111925175935184,0.00322299627646714,0.0304963703099777,FALSE
ENSG00000161980,POLR3K,0.264135180863634,0.105570505335048,1.99649675097271,0.791150166953121,3.17571008925435,2.50786564095154,7.55861731271399,7.49404546698202,5.13667366416092e-08,0.00967985712766788,1.86219352516718e-06,0.0271519339269334,TRUE
ENSG00000162129,CLPB,0.21671817209173,0.135734526867651,1.89199379416493,1.17844362066871,5.60748562722528,2.54118887126368,8.73020372912756,8.68197390791926,0.000510425438448964,0.0037590637650998,0.00217253093614233,0.0131498693448975,FALSE
ENSG00000162377,COA7,0.319529364288023,0.200601604350765,9.40614939710906,5.57634095742673,3.93182928593312,2.75667584370277,29.4375116918218,27.7980875351133,2.9494421950642e-05,0.000131140807346054,0.000228037778144114,0.00108524021792478,FALSE
ENSG00000162613,FUBP1,0.259389751354536,0.197955665786242,19.2636568746125,13.4646553079085,3.85878808085867,3.45341016835802,74.2652968130679,68.0185396787176,3.80884203884663e-09,3.44297677225415e-08,3.00633348521875e-07,4.87924583258881e-06,FALSE
ENSG00000163002,NUP35,0.205166374018878,0.106386266915985,2.3879954845046,1.14351109529751,3.10352273821341,1.76275246611939,11.639312221236,10.7486720649815,3.88335576464476e-06,0.0110143782951314,4.87216596990793e-05,0.0300767049964054,FALSE
ENSG00000163468,CCT3,0.23596650644771,0.107363196246911,33.4034983648538,13.3921426092368,5.24394658331531,3.25362709462919,141.560337811146,124.736809981309,4.19551767674949e-07,0.00339970146264541,9.13129161374221e-06,0.0121204686660371,TRUE
ENSG00000163584,RPL22L1,0.204931027787982,0.111351515612869,3.65473134766371,1.52479425129639,7.53928276699578,3.0217514891113,17.8339580253549,13.6935204061126,7.35566816880159e-05,0.063646874454006,0.000466594800270217,0.11557597694993,TRUE
ENSG00000163659,TIPARP,0.299747642448999,0.14420005893837,16.755607097814,7.34565173192497,18.2319172493869,19.2355840194346,55.8990454801156,50.9406985406605,0.00190945813440265,0.263784143686212,0.00627810503404573,0.35044764630987,FALSE
ENSG00000164163,ABCE1,0.218482312277124,0.187524071440737,15.6554672637953,11.7704533819317,3.88911794909378,1.89620758949629,71.6555363252376,62.7676931899992,0.000709327627090338,0.000107062201776657,0.00283799321060109,0.000944920536699713,FALSE
ENSG00000164182,NDUFAF2,0.211491004922619,0.160580308047447,3.6294777598499,2.53787700437262,5.0505086291497,2.81056876487735,17.1613812189216,15.8044098633984,6.33028484175733e-06,0.000109012458412562,7.07392314171646e-05,0.0009553720090394,FALSE
ENSG00000164684,ZNF704,0.246228154589551,0.107568762928061,9.37913501922006,4.43211281673063,14.1468892689656,13.4359642131565,38.0912371083419,41.2026009790099,7.6967279476027e-09,0.00401320638247992,4.90005702681265e-07,0.0138141586519202,TRUE
ENSG00000164934,DCAF13,0.324824486626497,0.206043426457068,9.81823585492788,5.53121091504731,4.35043275103594,3.04995656372831,30.226279911642,26.8448793060614,1.67033640885005e-06,2.4589471999691e-06,2.58767271487813e-05,6.90601972336428e-05,FALSE
ENSG00000164967,RPP25L,0.342635560488421,0.105506683601229,3.41507074103489,1.05499866740052,3.18492245793567,3.56267329813472,9.9670645281732,9.99935389295306,1.19555204794776e-09,0.10290572828344,1.52385094141963e-07,0.168020075598688,TRUE
ENSG00000165271,NOL6,0.267313834707025,0.165107801879082,18.6862945660743,10.2611510793014,3.34390682641679,1.52238636517707,69.9039560992209,62.148190227959,0.00124294472965986,0.00184431080521756,0.00447094425254922,0.00772113520706856,FALSE
ENSG00000165732,DDX21,0.270277002556147,0.299005497281308,43.1940739593032,45.3037643833954,3.5573209089692,2.02251271998455,159.814092767031,151.514820949172,0.00695269514442699,0.000790344065829787,0.0178556550959945,0.00406281156016623,FALSE
ENSG00000166012,TAF1D,0.266807624242607,0.218593432371678,12.0432084264695,9.74098225498502,2.69142439990825,2.43459057289598,45.1381719718723,44.5620993700409,3.41545867078608e-06,2.8423482696456e-05,4.43689427951804e-05,0.000369902653179028,FALSE
ENSG00000166166,TRMT61A,0.262788483488768,0.137507909376015,6.33561796587194,3.17873406893943,4.11552635341599,3.35125790496987,24.1091918555964,23.1167362180396,3.40338485503903e-06,0.0031280942952958,4.42581986727755e-05,0.011419925045853,FALSE
ENSG00000166197,NOLC1,0.391155345458786,0.269654386090543,30.4447143358783,20.5268933161944,3.2754247546096,1.75134207186119,77.8327963284504,76.1229721266318,3.40313018405024e-05,0.000243922356019875,0.000254897516668411,0.00169562748156291,FALSE
ENSG00000166226,CCT2,0.203219650115354,0.165617820733497,19.9238220564943,15.0448424840244,4.02530211050408,1.88623065248703,98.0408245225541,90.8407224379176,4.88503597572649e-05,4.49650959175781e-05,0.000337888428470799,0.000498823401959225,FALSE
ENSG00000166261,ZNF202,0.224687979783657,0.163966107752797,2.54687829145845,1.80047581027635,2.98316598497053,2.65272957680035,11.3351782053972,10.980780326815,1.06422949589765e-05,1.4554210492809e-06,0.000104036447010661,4.9864164575775e-05,FALSE
ENSG00000166483,WEE1,0.489879188625228,0.277929391348729,15.5654100277319,7.48525938723561,12.8499760630988,12.417565592937,31.7739769093149,26.9322339422661,7.56083029473373e-06,0.00301924764405763,8.03161112484024e-05,0.0111103680640433,FALSE
ENSG00000167470,MIDN,0.32203539501393,0.196083950135308,33.9714885701173,20.8641450571256,19.1239731494407,22.3763964948077,105.489921592773,106.404144973254,0.00220270668496743,0.036714275694611,0.00701972283841495,0.0756296305456917,FALSE
ENSG00000167536,DHRS13,0.157147088280649,0.21428957278355,0.841699821674077,1.2445131893591,23.323437609869,2.06777021781881,5.35612737647985,5.80762364306056,0.0148601409522729,0.000251183881079751,0.0332332842466966,0.00172971517445918,FALSE
ENSG00000167553,TUBA1C,0.376525248823349,0.14923670753413,49.9825020460653,15.8748456088355,5.86665756439207,5.92057756226207,132.746747269305,106.373598500925,1.10966415603286e-06,0.0355353205647164,1.87515199049944e-05,0.0737004794216826,TRUE
ENSG00000167772,ANGPTL4,0.307242678817147,0.513738042118632,6.86002404446811,13.9684675575865,22.2233824957901,2.32892351826625,22.3277054831005,27.1898641182599,0.336447591262581,0.000605981668255915,0.426840072292538,0.00335875439325312,FALSE
ENSG00000167962,ZNF598,0.218889375320854,0.162304298701193,17.1341332692036,13.279254205209,22.0998763293481,22.4529672835681,78.2775922499111,81.817020938284,0.00135783807938473,0.0352390769586061,0.00479298009850184,0.0732565697558284,FALSE
ENSG00000168003,SLC3A2,0.129135359939886,0.227131206727764,16.7615580465504,29.7431697811958,0.100936774021457,1.3863424878828,129.798360838992,130.951489272214,0.0600530275171402,0.0015597755372079,0.104386813013057,0.0067736559164536,FALSE
ENSG00000168264,IRF2BP2,0.308474101481583,0.201807280574485,40.1388092269501,24.1088275457226,18.3755476115616,19.6002378955008,130.120515901224,119.464607407086,0.00453532879401159,0.128083615492647,0.0125216040270353,0.198994738857456,FALSE
ENSG00000168495,POLR3D,0.249126412066364,0.157081453300091,5.65143550794375,3.85880703006982,2.29345692901355,1.46607558073876,22.6850114408514,24.5656438045419,1.2874452005747e-07,0.000281746171035261,3.73389048752724e-06,0.00188906263386061,FALSE
ENSG00000168906,MAT2A,0.429286653335612,0.284216376930527,79.6652044378654,49.5359101815992,3.22366302477896,2.53792124711455,185.575777441149,174.289429471222,1.54144199720813e-05,2.46644816834488e-05,0.00013750588803421,0.000331468821025116,FALSE
ENSG00000170515,PA2G4,0.20241136719372,0.103137370458653,33.489562959585,15.5372439956092,4.62657412597478,2.80170139913447,165.452975412855,150.6461133003,3.57347274316339e-06,0.00045390076508895,4.58485376337352e-05,0.00267893821174836,TRUE
ENSG00000170734,POLH,0.285138209643781,0.118645116069198,6.12462025424661,2.80511950288914,2.72235940985834,2.10204374845838,21.4794792388506,23.6429411999825,2.79526692391828e-06,0.00186486250078417,3.80477498225114e-05,0.00777816061781919,FALSE
ENSG00000171453,POLR1C,0.333022672576777,0.244606905025511,12.0846071257039,7.8580862802904,3.31709553398451,2.58307407163274,36.2876408149592,32.1253657147203,2.89830963231695e-05,7.82595554557642e-06,0.00022450198400388,0.000151313940478889,FALSE
ENSG00000171497,PPID,0.261754833591153,0.103502704983122,7.53614531939417,2.83055843098529,3.97831984916115,2.83281525211359,28.790854464851,27.3476759032226,1.02734971214933e-12,0.000188861550121604,2.14272828749805e-09,0.00141204579830127,TRUE
ENSG00000171793,CTPS1,0.382402289609761,0.227446324764863,8.10577137000871,4.80187589078352,4.09625253404102,2.0406105054007,21.1969739466796,21.1121278646633,0.000316114394245713,0.000220663292285708,0.00147611304619167,0.00158154707936498,FALSE
ENSG00000172115,CYCS,0.286332274013332,0.20511024701465,28.3476136254261,21.1744263197276,3.58162320840892,2.00962861559622,99.0025093158247,103.234366044205,1.49494271831459e-07,1.41483752417346e-06,4.18014139912584e-06,4.87415435468707e-05,FALSE
ENSG00000172183,ISG20,0.51254060368126,0.437268980348433,4.39388857991838,4.20590342517015,2.61162912171488,1.19751168955203,8.57276193995133,9.61857258161491,0.000972279772124024,0.0050656180469505,0.0036632329420419,0.0164986478619795,FALSE
ENSG00000172269,DPAGT1,0.253960213762971,0.0940360015199809,3.87584296204159,1.46186036169059,4.32882624874438,2.28382278145429,15.2616148199459,15.5457520317894,5.69489100029713e-07,0.0298025018874665,1.16047362197231e-05,0.0644982346152018,TRUE
ENSG00000172878,METAP1D,0.215803932947802,0.127120585870259,1.28088167928418,0.892671261672478,9.24462643057282,14.3224013256826,5.93539543875687,7.022239990174,0.00403974656378555,0.033042575781811,0.0114118747476577,0.0697248667639535,TRUE
ENSG00000173145,NOC3L,0.380819748607128,0.175483281694256,6.63680343428927,3.07696694669516,3.62272228875298,2.91924890241502,17.4276766332728,17.5342455246315,3.1574119640922e-08,0.000583548058789433,1.30723896317175e-06,0.00326195779523219,TRUE
ENSG00000173559,NABP1,0.360697928457486,0.525962741141611,6.85047288350133,15.6058441944071,4.41603123674149,2.06066907975703,18.9922712137471,29.6710070385106,0.0403957743589949,3.69774752363045e-05,0.0751757117645729,0.000437105302058723,FALSE
ENSG00000173588,CEP83,0.211805943386032,0.162204461833592,1.83862244053889,1.48144115542609,4.13078402132061,2.46101305556785,8.68069333251838,9.13317142253414,0.000145925685724823,0.000319212456097946,0.000801338276827067,0.00206692551401738,FALSE
ENSG00000174177,CTU2,0.32002461763756,0.155631244653008,3.82852236181683,1.8161257472892,3.43157152675101,1.29353611190666,11.9632120493704,11.6694160696227,1.14731780125318e-05,0.00352492008547289,0.000110193535687256,0.0124707172726049,FALSE
ENSG00000174197,MGA,0.28123917239727,0.104949309880274,9.87127659405862,3.78183245973204,3.9014437816672,4.83635542988049,35.099223589361,36.0348482905353,2.43847133319352e-09,0.00789038786369438,2.26603867886463e-07,0.0231096822564896,TRUE
ENSG00000174738,NR1D2,0.11720311911774,0.219888300208166,7.43169581779055,13.0572790833535,11.5859322250364,6.4653487050348,63.4086863364517,59.3814180699577,0.337565712542903,0.00726174113527084,0.427866856501936,0.0216405324772079,FALSE
ENSG00000175334,BANF1,0.204363026937656,0.120763058656142,16.0781262560842,8.53649435978226,5.62142538929954,3.01093270555371,78.6743399577315,70.6879608282272,2.30501225849967e-08,6.19923916296164e-05,1.0485594103771e-06,0.000626504956250362,TRUE
ENSG00000175602,CCDC85B,0.183738905821114,0.208449755106412,8.47729526963152,9.02093022261771,4.38267288051545,3.51929222389664,46.1377258765484,43.276281221883,0.00329481733225761,1.14662620330192e-05,0.00966676962389798,0.000194552046005147,FALSE
ENSG00000175727,MLXIP,0.239420297050991,0.152387341076829,35.402743335017,20.0772006507422,14.6336917688818,14.4915573179815,147.868596652343,131.751105497798,2.01967596990011e-10,1.29711253633896e-08,4.41883842467093e-08,2.65185089191527e-06,TRUE
ENSG00000175768,TOMM5,0.283683709636627,0.173143032224114,10.8677885299608,6.04483896298478,4.20560933925089,3.05322393429243,38.3095262815106,34.9124009516041,1.77546381001611e-08,5.28394597701077e-06,8.87999909277215e-07,0.000116283366305361,FALSE
ENSG00000175792,RUVBL1,0.228398893561893,0.0563362773987841,5.98615354925443,1.36332284915507,4.98892683072542,1.97832497204531,26.2092055521814,24.1997326075453,2.20402727583912e-05,0.284387193524552,0.000182017279801792,0.371448752664924,TRUE
ENSG00000177150,FAM210A,0.243514899281551,0.213065094620511,2.23740680463798,1.97392236112659,1.18723700014131,1.38034014090204,9.18796677837397,9.2644098492169,0.000324335649255654,0.000854405063072657,0.00150587858595207,0.0043121349824278,FALSE
ENSG00000177192,PUS1,0.354130200683695,0.255093298767494,9.48680735755718,6.2618855334811,4.03062482292215,2.80886240601774,26.7890378714994,24.5474325030722,9.37327869272442e-05,0.000146209487197919,0.000565707646778844,0.00116958211343506,FALSE
ENSG00000178035,IMPDH2,0.258356665365736,0.103786031025232,40.717712701804,14.8478761233016,5.28280649912799,3.83318447965608,157.60271810353,143.062375318041,2.72292417947021e-07,0.00386451995788354,6.63234129729942e-06,0.0134208934544042,TRUE
ENSG00000178921,PFAS,0.200702543932217,0.0721545806509996,4.28458053084648,1.5590794530725,3.9435023412869,4.22755564743234,21.3479134190421,21.6074910145139,0.000134672829946926,0.203815253632177,0.00075145631421392,0.286172036483548,FALSE
ENSG00000179041,RRS1,0.380338431740507,0.270349964230694,10.9281442471924,6.51752615153991,4.3781587927327,2.20074030533467,28.7326847228742,24.107738168511,1.08326813339687e-05,2.88637981591735e-05,0.000105377822867336,0.000371093223549539,FALSE
ENSG00000179094,PER1,0.715766359547945,0.22954628652048,126.461413752561,31.1900461511077,15.2184471206862,15.3517753412884,176.679739227239,135.876936298531,0.00115707213580479,0.413168666952496,0.00421555553772174,0.497331045610482,FALSE
ENSG00000179115,FARSA,0.248153848186759,0.133569402766085,16.5794496705524,8.91160302771305,2.66208259546556,1.6708187235845,66.8111729545889,66.7188955192049,3.50898907606977e-06,0.000355818826190309,4.52072342641179e-05,0.00224225193603807,FALSE
ENSG00000179218,CALR,0.230045925329149,0.248906553257003,92.702081475047,98.7906692284853,6.12504255085283,4.48034873976945,402.972064566714,396.898626957728,1.34199972501022e-07,5.56353520294636e-07,3.84604188391779e-06,2.6997216932274e-05,FALSE
ENSG00000179958,DCTPP1,0.339276474234623,0.197740862031331,7.47392147928645,4.12309534626842,4.18361900962336,3.13610087948379,22.0290000836248,20.8510031963709,7.67709564416218e-08,5.85401767401259e-05,2.45613340963399e-06,0.000604850492233728,FALSE
ENSG00000180198,RCC1,0.370505356254768,0.118883140977464,10.2218052022892,2.97130695699895,5.055221135195,3.95668166312429,27.5888189731339,24.993509866653,1.34231689911128e-07,0.0591566101196477,3.84604188391779e-06,0.109491255305563,TRUE
ENSG00000181026,AEN,0.492366897920263,0.418712335319256,7.87458433941426,7.37824547977587,1.96001588588758,1.18533981777465,15.9933260596441,17.6212756525316,3.88612579144817e-05,0.000421038547203976,0.000280462238108508,0.00254130190388715,FALSE
ENSG00000181163,NPM1,0.241909198344368,0.149274923911553,105.492218460878,57.7968648773747,5.70322394443561,4.26737814000606,436.081881891508,387.184018339343,3.65793265462958e-08,3.23194844109659e-06,1.46276998882617e-06,8.43213996002419e-05,TRUE
ENSG00000181274,FRAT2,0.266189887403696,0.185708700617527,7.78885167723071,4.75720149024794,17.2709022977326,18.6558198789208,29.2605093048421,25.616470711545,0.00142957175147449,0.0522531053366624,0.00498551155275121,0.0994455944115048,FALSE
ENSG00000181924,COA4,0.258238669518159,0.151957092675549,5.33771522889319,2.91477480375542,4.09313735927524,2.58741491503462,20.6696976825845,19.1815646932579,9.34874950231907e-07,3.46726822539175e-05,1.65843890531182e-05,0.000417852716661276,FALSE
ENSG00000182199,SHMT2,0.235750075918646,0.132849038747321,14.5193407492543,7.4780181227587,3.96680808409236,2.66420646583286,61.5878518497901,56.2895915037961,1.0810758741115e-06,0.000202575667262962,1.83429894231898e-05,0.00148519761695262,FALSE
ENSG00000182481,KPNA2,0.462651767271473,0.276440194999697,14.0472613453393,8.61997496224434,3.39312315246303,0.965429854320546,30.3624936486985,31.1820607790187,6.43577286501895e-07,2.76669042823238e-05,1.2611466117143e-05,0.000362050328756412,TRUE
ENSG00000183010,PYCR1,0.659482034868421,0.322801926698626,5.74062896239473,2.57032602722081,5.44149592699353,3.4857810820757,8.70475412349951,7.96254859290388,1.8401560328664e-06,0.00223780165627328,2.76156268181431e-05,0.00884792408343449,TRUE
ENSG00000183527,PSMG1,0.256511583566823,0.174761263890443,6.31230295268589,3.91174903641979,3.88840049265953,2.4763244301329,24.608256925136,22.3833871954144,4.73932498186205e-07,1.11017728345193e-05,1.0068845289404e-05,0.000191639762344913,FALSE
ENSG00000183605,SFXN4,0.225332297594231,0.141365602787616,2.18702690684265,1.39286220624992,5.06924405039796,4.16215888186772,9.70578532324274,9.85290748798717,3.80007884785972e-05,0.0034026057681396,0.000275367712444268,0.0121239704384197,FALSE
ENSG00000184083,FAM120C,0.275292648263167,0.144690783170347,2.67078344994512,1.35345583164868,16.1068146817656,13.8127130233876,9.70161559633068,9.35412610252608,3.6925472496056e-09,6.76098926065937e-05,3.00087944622779e-07,0.000668646289212395,TRUE
ENSG00000184220,CMSS1,0.329328259266636,0.229807731024597,6.94531202162958,4.53099491338136,4.78401531552386,2.70461486616696,21.0893290393474,19.7164598996732,1.32863198389885e-05,1.46792825086427e-05,0.000122645221844578,0.000233509841294093,FALSE
ENSG00000184381,PLA2G6,0.230848692978371,0.094920439889968,6.02525776185417,2.38645680831686,15.3854141532865,16.2675278807053,26.1004629660983,25.1416534845735,8.27089089620406e-05,0.0144900957569021,0.000515216185647157,0.0374055028326073,FALSE
ENSG00000185238,PRMT3,0.216470430439899,0.0981423120631745,3.47811087202421,1.57290321329673,4.32863304920382,3.92190043525696,16.0673717188818,16.0267593072828,5.70705413463694e-06,0.00656704635958921,6.56574465987613e-05,0.0200877201742549,FALSE
ENSG00000186352,ANKRD37,0.370604421820173,0.217845387800728,4.01992035383763,2.82130311488382,18.4304707614118,21.3141523169486,10.8469303579659,12.9509426082713,0.000405112551338766,0.161101096278719,0.00180627766454979,0.238268839148773,FALSE
ENSG00000187607,ZNF286A,0.256965067383741,0.134324173530906,1.65548953131494,0.893156079861505,2.60966701183728,1.95262738836159,6.44246919696171,6.6492579584419,2.34515641083387e-08,0.000438762915451167,1.05410552456654e-06,0.00262189237590635,FALSE
ENSG00000188229,TUBB4B,0.261651305398162,0.0804563504272658,97.7067778009767,23.5019954626333,6.34810998734389,9.08074506493616,373.423620617117,292.108644473994,3.82188407869567e-05,0.19276190413714,0.000276626328179998,0.273578434789378,TRUE
ENSG00000189046,ALKBH2,0.250969195844979,0.162688840552897,5.61644856897911,3.42249401725509,3.43160123649493,2.98534183745863,22.3790356026336,21.0370545737726,9.86383966374171e-06,0.000240482611530083,9.82523517943473e-05,0.00167920417043207,FALSE
ENSG00000196230,TUBB,0.239382945232578,0.142027886351129,74.5370700567321,39.6249653151565,5.98195028787354,5.42123087469211,311.371680987189,278.994261853573,4.43201581024634e-06,0.0033414790870717,5.39156015037775e-05,0.0119711536038125,FALSE
ENSG00000196517,SLC6A9,0.200505679967476,0.232705629597,26.7301631731603,25.9756977867266,17.7976548574034,15.9818141302833,133.313745413578,111.624707282378,0.00247580611773685,2.66386019263489e-05,0.00768819175654788,0.000352290566939021,FALSE
ENSG00000196693,ZNF33B,0.203285918393687,0.175899066988163,4.56880722799325,3.62962862748201,6.2683501812608,10.9049434326287,22.4747845994193,20.6347235925149,0.000439443869807354,0.000761186201310446,0.00191954623480473,0.00395531379855941,TRUE
ENSG00000196950,SLC39A10,0.249605654062837,0.121605930807988,4.4243481712264,1.9884940959998,3.8371383120752,3.04495690703214,17.7253523676695,16.3519499648383,3.94167276753901e-06,0.00141524999776326,4.92058068908699e-05,0.00628994394943181,FALSE
ENSG00000197451,HNRNPAB,0.206275443238671,0.124272659407233,50.1275595705966,26.4907704866986,4.84861463076962,3.78593016527356,243.012734737389,213.166521204718,6.09364739155654e-06,8.1568952929778e-05,6.93718747454477e-05,0.000769475349460863,FALSE
ENSG00000197483,ZNF628,0.238012156541024,0.0804362077881588,2.83576213117529,0.801474353094922,14.2865737896083,15.6936874780993,11.9143583772643,9.96409919281288,1.89589762927706e-05,0.157221121790059,0.00016161134200078,0.234030151568851,TRUE
ENSG00000197498,RPF2,0.376369587495509,0.250426763819691,9.88652131866259,6.29761997707071,3.36342512244927,2.50329042143692,26.2681195482633,25.147551647495,5.29245405471046e-07,7.014034449008e-06,1.10003657527157e-05,0.000140856720794813,FALSE
ENSG00000197785,ATAD3A,0.302425600226675,0.224533873619334,8.88867056454815,6.63477126416499,3.39740331046544,1.65046814339514,29.3912636955532,29.5490883278187,0.000302538299816515,9.0670045281984e-05,0.00142590897090392,0.000834637089430859,FALSE
ENSG00000197989,SNHG12,0.431244779400728,0.258472575706011,7.90579143858872,4.83833021822694,3.9946728892176,3.11756880651819,18.3324919308585,18.7189306448127,3.83484883174567e-07,8.095183582309e-05,8.58606818324961e-06,0.000765390708529004,FALSE
ENSG00000198042,MAK16,0.263682197642492,0.214980523335377,4.63477067274491,3.66792163016857,4.25015598710956,2.69656861658876,17.577108785436,17.0616462052541,0.000237375016235697,5.4279114966592e-05,0.00118317499099735,0.000575118812870322,FALSE
ENSG00000198355,PIM3,0.544145718382607,0.325537424479763,67.2296766661014,40.0044975815639,19.2609875099187,21.5185441442214,123.550869546363,122.887553237526,0.00115081995070812,0.0696372763196417,0.00419891035847894,0.123780854187892,FALSE
ENSG00000198498,TMA16,0.231157021734444,0.098702764510241,5.13573656828349,2.09407558759206,2.59733429766353,2.55673085199488,22.2175235246952,21.21597705984,3.61192521452025e-09,0.000233561089792486,2.96344206251856e-07,0.00164375866298087,TRUE
ENSG00000198856,OSTC,0.220665781116032,0.132493305298528,8.19399671616549,4.46632825142069,5.35894166913354,3.46265894989553,37.1330646497332,33.7098409716428,2.01272946977934e-09,4.45839129558198e-06,2.02425396916276e-07,0.000105905900661339,TRUE
ENSG00000199753,SNORD104,0.27994815480274,0.256923378967237,2.10301357196872,1.90435044523715,4.87210850383382,3.14627826429747,7.51215371807172,7.4121337376619,1.75504778193977e-05,0.000657322684784084,0.000152205847625667,0.0035703271785463,FALSE
ENSG00000203667,COX20,0.225576054239755,0.127868118690167,3.038514842664,1.61684712570505,5.27737605475005,4.66878962740182,13.470023903488,12.6446462360393,4.03048659324006e-10,9.9966399273546e-06,6.99805199137354e-08,0.000178027315989246,TRUE
ENSG00000204713,TRIM27,0.28957912688754,0.180873749381606,9.03664520837293,5.94822837002714,2.66938463574938,2.88094710554785,31.2061345909174,32.8860787724237,1.44387001944579e-05,3.16080928483083e-05,0.000130293075343766,0.000394579105016269,FALSE
ENSG00000205339,IPO7,0.297218459397351,0.198392585712756,35.7267966995466,21.4857522504624,4.88369711584633,3.15568802071054,120.203828429726,108.299169413371,2.79845890348397e-10,1.62318583044787e-06,5.6570474710001e-08,5.32703960303037e-05,TRUE
ENSG00000213347,MXD3,0.231676427279943,0.109989061362179,3.28731208486843,1.36887601562296,14.9687142853164,14.7182982730944,14.1892385145264,12.445565028648,3.03151792351014e-06,0.0356628040779483,4.06463245555133e-05,0.0739279969508133,FALSE
ENSG00000214160,ALG3,0.234222236420162,0.10188880214343,5.52722879155879,2.21489748498106,3.96156200279136,1.86013283957402,23.5982239604429,21.7383798649739,9.05845014196588e-06,0.0143703576928762,9.19185774779955e-05,0.0371856703836931,TRUE
ENSG00000214706,IFRD2,0.349792273252642,0.226786447778987,13.3447848468318,8.11322305381867,4.52879779854694,3.59666629046651,38.1505992763691,35.7747261058799,1.3071987963083e-05,6.21768405890395e-06,0.000121025064504534,0.000129234563164319,FALSE
ENSG00000226479,TMEM185B,0.22626696582906,0.138906568103364,3.99192211408012,2.42733616104988,3.20717300595523,2.73843360848558,17.6425316857607,17.4745960122176,1.06453402392137e-06,0.000203837453412679,1.81363440059064e-05,0.00149094245249825,FALSE
ENSG00000234912,SNHG20,0.244354754544267,0.13988518510311,2.56631405594371,1.39734129853635,3.70889663324006,2.21872629512505,10.5024109751005,9.98920148339054,0.000476627241239012,0.0256306083076693,0.00205533137119354,0.0578114154828982,FALSE
ENSG00000239672,NME1,0.239389944294508,0.123973541084045,8.06742673285716,3.84171615989474,5.05391389132225,2.50195633623502,33.6999398894227,30.9881941445097,4.77105311772314e-06,0.00701862165012998,5.67746215945852e-05,0.0210989629546131,TRUE
ENSG00000239789,MRPS17,0.27827696753653,0.161983245779437,2.16721338979711,1.1937037076958,3.70820948309227,2.24263554667648,7.78797256913693,7.36930354711618,2.37296273540002e-07,0.000230656948468087,5.91864365463472e-06,0.00162883511004842,FALSE
ENSG00000239900,ADSL,0.271139536303553,0.148317806275524,6.69943245921892,3.39896638244034,5.34235741778522,3.64663189079885,24.7084307606051,22.916778961295,3.03304499559088e-07,0.00020429515273287,7.10998198120562e-06,0.00149253945502731,TRUE
ENSG00000247626,MARS2,0.314984935476998,0.17874836648781,3.11190449652603,1.65844797585583,2.31262490128023,0.9663487794402,9.87953437142481,9.27811542249215,0.000626702517332961,0.0103986251826943,0.00257007796568871,0.0287095981078992,FALSE
ENSG00000254093,PINX1,0.403912134441959,0.271451588280634,3.84186507158243,2.36957492112403,3.12503839361972,1.4176317905814,9.51163568504894,8.72927263433175,1.4082041273343e-06,5.24993579612249e-06,2.26310743195697e-05,0.000116283366305361,FALSE
ENSG00000255717,SNHG1,0.201923244011344,0.179638650409139,8.58305396191302,7.27012706797959,3.58524976154357,2.00837824662797,42.5065177807406,40.4708399413009,4.0220413801298e-05,0.000117508179984998,0.000288601139537392,0.00100462751187785,FALSE
ENSG00000256269,HMBS,0.204451822328498,0.140591288890242,2.63467420398547,1.70484991793792,4.4501743934309,2.22573904187518,12.8865283467725,12.1262841488626,0.000129125149154831,0.00267628467860701,0.000729311474234553,0.0101261972775813,FALSE
ENSG00000262814,MRPL12,0.273900200285688,0.12777617611828,3.1579193145635,1.28531831082794,4.44237964445932,1.84392781987365,11.5294523745133,10.0591389559048,7.03242030516064e-06,0.0196552215385843,7.63948724962181e-05,0.0472632202721035,TRUE
ENSG00000277161,PIGW,0.234707752468746,0.134561978782977,2.72312574852072,1.38827561114369,6.35925489283079,5.66952956431134,11.6021977113148,10.3169975924827,2.58759402082264e-05,0.00191082159841461,0.000205165338402144,0.00790114593959835,FALSE
