NAME	TITLE	SCORE	
ADAMTS5		6.278057	
CACNA1G		4.994613	
EPHA1		4.252556	
COL12A1		4.1075945	
TMEM176A		3.9301531	
SOCS2		3.8404586	
PIP		3.456983	
DCD		3.2463346	
NMU		3.1566532	
CD93		3.1424804	
MEG3		2.9667878	
TM4SF1		2.8924353	
FSTL1		2.8331904	
CBLB		2.8242455	
SRGN		2.7516894	
ARHGEF37		2.641472	
ERG		2.634733	
PLIN2		2.624637	
PLEKHO1		2.534238	
FST		2.498081	
TMEM176B		2.4917567	
LHFPL2		2.4781594	
NUAK1		2.4287798	
FNDC4		2.4082458	
MX2		2.3716118	
PIK3R3		2.352236	
RRAGC		2.3166006	
SRGAP1		2.3014517	
APOL6		2.2985585	
DENND5A		2.1651287	
E2F2		2.136162	
EMILIN1		2.123858	
E2F8		1.9928865	
S1PR1		1.9743009	
HSPA13		1.9665854	
NEK6		1.9603221	
SPRR2E		1.9295835	
VCAM1		1.9138476	
GJA4		1.9123845	
GAN		1.9009145	
MT1G		1.8941128	
ARHGEF15		1.8903996	
ST3GAL1		1.841185	
TMPRSS6		1.8404917	
SLC52A1		1.8211762	
HOXA7		1.8200438	
EPHX3		1.807941	
CCDC71L		1.80487	
FAM20A		1.7850398	
BIN1		1.7709365	
CLEC7A		1.7692535	
SNED1		1.7649702	
SERPINB12		1.7643931	
ADGRL4		1.7562993	
PLEKHO2		1.733998	
VCL		1.7301215	
SLITRK6		1.69175	
FCGR2A		1.6767145	
USH1G		1.6749197	
ALDH1A3		1.6724685	
ATP11C		1.6673282	
TMED5		1.663343	
SLC16A7		1.6586394	
CALCRL		1.650391	
STOM		1.6380733	
LRRN4CL		1.6213351	
CD63		1.617378	
COL15A1		1.6128116	
FAM20C		1.6060643	
TRABD2B		1.6022712	
ETS1		1.5982637	
KHDC1-AS1		1.5878003	
TEAD2		1.5678065	
ARFGAP3		1.558352	
CDH11		1.555295	
FGF7		1.551995	
GYPC		1.5472974	
SEMA6B		1.5381392	
CEACAM1		1.5373176	
PGLYRP3		1.5311238	
SPRY4		1.5289878	
B4GALT5		1.5228307	
TWIST1		1.516953	
SERPINB9		1.5136446	
UPP1		1.5129787	
C1orf116		1.510943	
KLF2		1.503116	
TNFRSF10D		1.4995117	
ESAM		1.4981726	
OAF		1.4973634	
SLC37A2		1.4906223	
DLC1		1.4904226	
HEG1		1.4781992	
SDCBP		1.4689595	
ABL2		1.464686	
FLT1		1.4622195	
PYGL		1.4615806	
SLC47A2		1.4489776	
FERMT2		1.4186393	
PLOD2		1.4090663	
ITGA5		1.3729477	
ELF3		1.3717917	
PITPNC1		1.3542867	
THY1		1.3510323	
DEPP1		1.3459858	
PLEKHG2		1.3407339	
FSTL3		1.3379468	
SAMD4A		1.324001	
GPCPD1		1.3218162	
CD209		1.3216244	
TGM2		1.319725	
FOXN1		1.3195271	
COL4A1		1.3133906	
RNF225		1.3078071	
ICAM1		1.3032919	
STEAP1		1.3013209	
NOD1		1.2920305	
LRRC32		1.2804596	
ASCL2		1.2597125	
PITPNM3		1.2529716	
COTL1		1.2496237	
CYSTM1		1.2482466	
CSF1		1.2397058	
C14orf132		1.2393564	
PKIA		1.2256398	
GRHL3		1.2251047	
NOS3		1.2212425	
SPON1		1.2197645	
GINS1		1.2192036	
LYVE1		1.2154151	
CYP4F22		1.2082009	
PPP2R2C		1.2070775	
SULT2B1		1.1919521	
CYTH4		1.1897316	
EGFL7		1.1754763	
SCGB1D2		1.1696589	
NLGN2		1.1678766	
SPRR2G		1.16434	
SLC4A7		1.159355	
STEAP2		1.1580018	
NKPD1		1.1573534	
PTP4A3		1.1521227	
LYN		1.1521213	
NNMT		1.1477138	
IFITM1		1.1424185	
CALML5		1.1394902	
VCAN		1.1250631	
RRBP1		1.1239744	
SEC24D		1.1167701	
NES		1.1115799	
ACER1		1.1015513	
FLOT1		1.0995022	
DOC2B		1.0948904	
KRT18		1.0901859	
SLC25A28		1.0887702	
UNC93A		1.0848813	
RRAGD		1.0836458	
VSIG10L		1.0759175	
ADM		1.0671346	
ZYX		1.0667436	
SLFN11		1.064993	
MSC		1.0348214	
FGL2		1.0342575	
MT1E		1.029275	
BLMH		1.0263772	
KY		1.0248231	
GAS1		1.0214206	
PDLIM3		1.0174603	
AKAP12		1.0169086	
HSPA5		1.0168008	
DACT1		1.0126928	
PPFIA3		1.012627	
SEMA3A		1.0115294	
PODXL		1.0097554	
ADAMTS1		1.0070814	
MEOX1		0.9978545	
ABI3BP		0.9969341	
PXDC1		0.99361485	
DAB2		0.98985696	
MVP		0.9897209	
C17orf58		0.98539525	
TNFRSF1B		0.98370767	
DDIT3		0.98344594	
DDIT4		0.9806997	
CDC42EP2		0.97432375	
SEMA4G		0.9735691	
SLC16A3		0.9696524	
PTPRC		0.95889664	
ATP13A3		0.95141023	
MIR22HG		0.9505654	
HLX		0.9459177	
PHC2		0.9411521	
ODC1		0.9358359	
RPS6KL1		0.9355495	
GPR12		0.93334055	
SLC1A3		0.9306043	
CD83		0.92360944	
SPTSSB		0.9194477	
DYRK1B		0.91603273	
HILPDA		0.9158943	
NR1D2		0.9077599	
IL20RB		0.906719	
HABP4		0.904566	
NIPAL1		0.90379095	
RBMS3		0.89650375	
KLK1		0.89515406	
SH3BP5		0.89299804	
SLC1A6		0.8920113	
LOC105374338		0.88676524	
SAV1		0.8861149	
LIPN		0.8849605	
BMERB1		0.88369447	
PLAUR		0.8781271	
FTH1		0.8739247	
IGFBP4		0.87315714	
SH3RF2		0.87158966	
PSG4		0.8700748	
TMEM255A		0.86695844	
SQSTM1		0.8653062	
MAN1A1		0.8649931	
PKDCC		0.86261463	
ERO1A		0.8533199	
FGF2		0.84774643	
LMCD1		0.8464274	
PHYHIP		0.84457296	
CLIC4		0.83822626	
TGFBR1		0.83209056	
TRIB1		0.83185005	
RUNX1		0.8298998	
MIR100HG		0.8297937	
SV2B		0.82957244	
KLK10		0.82493764	
CREM		0.8222715	
SLC3A2		0.81464183	
SH3TC1		0.80444384	
HMOX1		0.802119	
TFAP2B		0.79958886	
ZNF658		0.7949607	
CREB3L1		0.78881955	
HTRA3		0.7837565	
IRF1		0.7831495	
LY6G6C		0.78264135	
PCDH18		0.7819353	
BCYRN1		0.78007305	
COL4A2		0.7743631	
ARID5A		0.77350646	
SPTLC3		0.773386	
FRMPD1		0.77246803	
ACSL4		0.77190655	
NINJ2-AS1		0.77141154	
GDF7		0.7695017	
NCOA7		0.7681271	
BCAR1		0.7666291	
PLEK		0.76638234	
GPRIN2		0.76279277	
ADAMTS9		0.75944245	
MT1M		0.7590023	
RCAN3		0.7587679	
MYDGF		0.7571454	
ADGRD1		0.7538088	
RCN1		0.7491587	
CALU		0.7470396	
GIMAP1		0.7464517	
LYZ		0.7454849	
GIMAP8		0.74443614	
RELB		0.7439438	
ANGPTL4		0.7416543	
EREG		0.7399611	
STC2		0.73940384	
BCL11B		0.73917043	
IFITM2		0.7359044	
C1QTNF1		0.73426163	
MAL2		0.724214	
TNC		0.7219704	
PSORS1C1		0.721014	
ENO2		0.7173075	
UHRF1		0.71632147	
TNFAIP2		0.7107701	
MEIS1		0.70896524	
TNFRSF1A		0.70432264	
IL16		0.70238817	
BDH1		0.69922745	
NPTX1		0.69647086	
TMEM30B		0.6950362	
TYMP		0.69450825	
STING1		0.6925638	
CALML3		0.6896815	
TMEM125		0.6803903	
DYSF		0.6763538	
FCER1G		0.6763188	
KRT8		0.67478293	
NAMPT		0.6741024	
THBS1		0.67345273	
CCDC9B		0.67320025	
PRRG1		0.67246276	
BAG3		0.67211884	
PGM2L1		0.6668006	
PDPN		0.66649276	
RASSF8		0.66615796	
DUOXA1		0.6659481	
COMP		0.66581464	
TUBB2B		0.6657765	
SOX18		0.66528404	
TAMALIN		0.6545267	
HIF1A		0.65284824	
FMO5		0.64998007	
MDFI		0.64422274	
MSX1		0.64180976	
GATA3		0.6415523	
NRP2		0.6408493	
TXNDC5		0.6355503	
WFDC5		0.63401407	
B4GALT1		0.63233864	
XBP1		0.62916505	
WNT10A		0.6282697	
C1GALT1		0.62532383	
NGEF		0.6219443	
PAQR8		0.62014973	
P4HA1		0.61927843	
PDE4D		0.6176326	
FIBIN		0.61466044	
DNAJB9		0.61434543	
ADAM19		0.6105434	
SEL1L3		0.6096506	
C5AR1		0.60340536	
SULF1		0.60237885	
SERPINB1		0.602314	
PDE4B		0.59623057	
DNAJC25		0.5950716	
RND2		0.5923766	
C11orf96		0.5798006	
WWC2		0.5761769	
SLC25A33		0.5756983	
CEMIP2		0.5750812	
GIMAP7		0.57315695	
CNN3		0.5687795	
ITGB3		0.56067574	
IGFL2		0.55114293	
CLMP		0.54786146	
GBP1		0.5461312	
SRCIN1		0.5459927	
ARHGEF2		0.5458527	
GTPBP4		0.5452978	
NABP1		0.5441695	
MEST		0.5419785	
PDP2		0.53898585	
KIAA0040		0.5362619	
CHP2		0.53610355	
PLA2G2A		0.53313935	
IFNAR2		0.5300893	
RGS16		0.5277475	
SLC16A5		0.52681595	
TFRC		0.52446806	
BCL6B		0.5219949	
HAPLN3		0.52118117	
GFPT2		0.5185247	
NDRG1		0.51639205	
INSYN1		0.51197815	
TLNRD1		0.5107928	
ADAMTS4		0.5104823	
PPL		0.5090722	
SP8		0.50789726	
SAMD5		0.5056692	
UGT3A2		0.50501084	
ZPR1		0.50398314	
SLC39A8		0.5018886	
CTSL		0.5005451	
APOL1		0.49949747	
INHBA		0.49924818	
THBS2		0.49801877	
FZD5		0.49792427	
PRRX1		0.49438012	
LINC02560		0.4928366	
DAPK3		0.49157837	
IL1R1		0.4880699	
UAP1		0.48670214	
SNHG17		0.48440802	
SAT1		0.4843088	
C21orf58		0.48202673	
COL6A3		0.48032674	
TNFRSF10B		0.47945964	
RBBP8NL		0.47897837	
AHNAK2		0.4787334	
NPAS1		0.47806913	
S1PR2		0.47760406	
SCART1		0.4742037	
GJB3		0.47280034	
PTX3		0.47109923	
NT5E		0.46512046	
DENND4A		0.4650212	
TG		0.46328828	
PLSCR1		0.46303186	
HCLS1		0.4622722	
HDC		0.46099752	
PRLR		0.45989183	
CLIC6		0.4582496	
HR		0.45772123	
LINC01550		0.45466396	
PHLDB2		0.45113587	
MEDAG		0.44841793	
DHRS13		0.4474461	
GRIP2		0.4434302	
DLL4		0.4370384	
FICD		0.4350143	
SERPINE1		0.42813933	
HOXC13-AS		0.4275935	
GADD45A		0.42581838	
CYP2E1		0.42427307	
SLC46A2		0.423409	
IFITM3		0.42090234	
STEAP4		0.41145504	
ADAM8		0.41105452	
CRISPLD2		0.40984872	
XCR1		0.40959522	
TMPRSS11F		0.4073019	
ANO8		0.40083143	
NFATC4		0.3985935	
TMEM263		0.39697957	
SLC39A14		0.39589223	
LMO1		0.39478326	
NXT1		0.3915763	
ANGPT2		0.39125755	
SERPINB13		0.38905844	
AK7		0.38821355	
GREM1		0.38782772	
BASP1		0.3875414	
RAB32		0.3861548	
ALDH5A1		0.3841406	
OCA2		0.38400736	
FANCE		0.38373622	
APLN		0.37872356	
LYPD3		0.37780783	
PTGIR		0.3741546	
STAT3		0.36639628	
TGM1		0.3656707	
FCHO1		0.3622031	
SUFU		0.35496154	
SLC7A5		0.3493409	
PRSS22		0.3478012	
LOC102723971		0.3468904	
GCLM		0.3455701	
CYP2W1		0.34441665	
HELLS		0.3405068	
CD14		0.33891118	
PVR		0.33817223	
CCND1		0.33255577	
DUSP8		0.33248916	
EMILIN2		0.33074906	
MT2A		0.32989928	
VEGFA		0.3268935	
CD200		0.32116285	
STUM		0.31686836	
STON1		0.3159672	
SBNO2		0.31082374	
PRPS1		0.30569834	
TXNRD1		0.3050336	
TBC1D10C		0.3031351	
PGF		0.30281675	
PFDN2		0.29723155	
H2BC21		0.29622033	
CDH22		0.29222637	
RAB8B		0.28998637	
OSMR		0.2860299	
TPM4		0.27960452	
PTGER4		0.27485242	
RAB3IL1		0.2736736	
NFKB2		0.26484922	
PTGIS		0.26353496	
IL20RA		0.2630417	
TNFRSF12A		0.26151943	
ERMAP		0.257834	
LGALSL		0.25478536	
SRPX		0.25454208	
RAB3B		0.25400558	
MEOX2		0.25146487	
GABARAPL1		0.25069472	
LINC01805		0.25050694	
CMYA5		0.24723653	
ACTN1		0.24672508	
TIMP1		0.244731	
CMIP		0.24380104	
SCNN1B		0.24363305	
DRAM1		0.23945151	
GPR132		0.23890701	
KLF10		0.23809457	
CP		0.23631735	
ALDH3A1		0.23588231	
HSD3B7		0.2342666	
CLCA4		0.23388974	
SEMA4D		0.23338774	
SECTM1		0.22764142	
TNFRSF13C		0.22728582	
SMAD6		0.22098985	
ACOT11		0.21974476	
GALT		0.21887359	
BCL3		0.21875957	
CCL2		0.21726492	
SLC6A9		0.214863	
SCUBE3		0.21370226	
RASGRF2		0.21319057	
MAMLD1		0.20526198	
PHLDA1		0.20405966	
HMCN2		0.20294024	
HSP90B1		0.20219995	
LOC100128770		0.20211019	
CEBPZ		0.20179312	
SERPINH1		0.20089549	
PODNL1		0.19984831	
EPHB6		0.1985443	
HOXC13		0.19816744	
CHST12		0.19661878	
BICDL2		0.1961072	
MTHFD1L		0.18879643	
APLNR		0.18554933	
CCDC85B		0.18204254	
CACNA1H		0.18124071	
CERS2		0.1809522	
UGDH		0.17726102	
ZNF330		0.17674059	
BTC		0.17610629	
MRTFB		0.17361867	
CASP7		0.16094962	
ARK2C		0.15447947	
KLHL25		0.15401547	
DUOX1		0.15192229	
E2F3		0.15164734	
PTGFRN		0.1494273	
SPTBN2		0.14759478	
DDX21		0.14573325	
IFIT3		0.14476043	
CIB1		0.14289427	
LGR6		0.14230357	
BNC1		0.13988529	
ZFP36		0.13788688	
SERPINE2		0.13334529	
MYCL		0.1270973	
APCDD1		0.12470583	
CHAD		0.124532305	
KSR1		0.12354858	
LDHA		0.12144199	
LIMA1		0.11922097	
BMP7		0.11846732	
HSPA1A		0.11746838	
CALR		0.113682315	
VMP1		0.10654664	
GCH1		0.10509751	
NOCT		0.104259394	
GPRIN1		0.10121321	
VWA1		0.0999561	
PROSER2		0.0949174	
EVI5L		0.09194996	
NAP1L5		0.08985997	
TMCC2		0.08526966	
TNFRSF19		0.077370465	
GASK1B		0.07666558	
GJB4		0.07641775	
SPATA2L		0.076266974	
PER3		0.074533805	
JOSD1		0.07410659	
PARD6G		0.07392694	
BIRC3		0.073222905	
C1QTNF7		0.070200585	
SOX7		0.06683309	
CISH		0.06561203	
DNAJB11		0.064020336	
ID4		0.061350577	
E2F1		0.059458572	
BDKRB2		0.05788259	
DLX5		0.054871738	
RNF222		0.054296527	
SLC14A1		0.05399529	
IFI16		0.05345103	
GLIPR1		0.053423587	
SSBP4		0.049382467	
PLEKHA4		0.047379613	
KLF5		0.04554723	
PAPLN		0.0450993	
KHDRBS3		0.042257916	
ATF3		0.03997695	
CARNS1		0.03887828	
MAFF		0.03817493	
CRIP2		0.037618216	
NOP14		0.034606565	
WNT7B		0.03440907	
CDHR1		0.03326155	
TNFRSF10A		0.031920835	
SLC2A1-DT		0.023348743	
ANXA3		0.023334563	
SYT8		0.022925878	
TUFT1		0.020414466	
MFSD6		0.019085994	
GPR37		0.0160839	
SHISA5		0.01575996	
PLN		0.013400111	
PPP1R18		0.012692643	
EMP3		0.01014462	
CDC25B		0.009415825	
HYCC1		0.009347172	
TRAF4		0.009335001	
MSANTD3		0.009124954	
DACT2		0.007728639	
PGM3		0.0068684034	
DNASE1L3		0.0067777066	
FGR		0.0067544337	
PDZD7		0.006660827	
C16orf74		0.006293225	
CRNN		0.0061217593	
FOXQ1		0.005794169	
DPP6		0.0043077855	
PFKP		0.0028189146	
STK17A		0.0011157935	
ID3		-9.861169E-5	
CD53		-9.4022974E-4	
SLX9		-0.008435314	
SLC25A37		-0.009695002	
MCM5		-0.011017702	
OSBPL10		-0.011626545	
CEACAM6		-0.0121257575	
HSPA4L		-0.013294375	
NAA80		-0.013407928	
XPR1		-0.017444538	
PANX1		-0.01806642	
SLC9B2		-0.01807504	
LILRB5		-0.018191585	
FHL2		-0.022961492	
TCP11L2		-0.029767355	
DLX3		-0.030045826	
ADAMTSL3		-0.03274697	
EEF2K		-0.035947077	
RNF122		-0.036602832	
PNO1		-0.040147137	
MVB12B		-0.041446052	
NANS		-0.04169505	
LRRC59		-0.044391032	
YWHAH		-0.04464789	
GLIS2		-0.04593733	
CPNE8		-0.046185646	
LIFR		-0.050112665	
ARPC1B		-0.050328217	
SNHG15		-0.050514366	
DTX3L		-0.05193418	
CARF		-0.05246448	
ZBTB16		-0.055557296	
HBB		-0.057898626	
ST6GALNAC4		-0.060389977	
PDIA4		-0.061338913	
PARP9		-0.0638204	
SLC25A25		-0.06991002	
CIART		-0.07227755	
LOXL2		-0.072696894	
CSRP2		-0.076672986	
THNSL2		-0.07817862	
PPRC1		-0.07855229	
SLC16A11		-0.07867049	
RNF168		-0.0787139	
WDR62		-0.08053916	
CNTN1		-0.08109216	
CASP9		-0.083352245	
OVOL1		-0.0846014	
PIM2		-0.08467882	
MYD88		-0.08700841	
GCA		-0.091567345	
HIF3A		-0.09217517	
FKBP5		-0.09270563	
GNL2		-0.092859566	
APBB1IP		-0.09394445	
HRH1		-0.09463973	
TUBB2A		-0.09495195	
MANF		-0.0967088	
TMEM126A		-0.09716229	
GSTO1		-0.10297368	
PREB		-0.10325443	
FAM222A		-0.103446744	
S100A10		-0.10442683	
PLLP		-0.108070105	
EFHC2		-0.10873274	
PTP4A1		-0.109475486	
RBM12		-0.1107728	
SESN2		-0.11136949	
HSD11B2		-0.11145376	
PLAU		-0.11450675	
SYNE1		-0.11815895	
DIMT1		-0.11885084	
TNIP2		-0.12080174	
HS3ST6		-0.12168747	
MYBL2		-0.123376705	
SNORD104		-0.1238215	
TICAM1		-0.12406939	
TRIM45		-0.124160975	
FAM83G		-0.12741663	
PTGES		-0.12851131	
HSPA1B		-0.13027653	
STX11		-0.13478763	
BCAT1		-0.13509224	
BAIAP2		-0.13720588	
IER2		-0.13762009	
GPLD1		-0.13992971	
CLCF1		-0.14092952	
SRF		-0.14224336	
TMEM38B		-0.14249207	
EGR1		-0.14254813	
IL32		-0.14344534	
HAS2		-0.14464751	
LATS2		-0.14603546	
MYOM2		-0.14613494	
APOL2		-0.14658597	
C11orf24		-0.14835198	
HCAR3		-0.1505488	
CCN1		-0.15131868	
MAD2L2		-0.15144625	
MYC		-0.15394932	
PGK1		-0.15440845	
SCEL		-0.15465774	
TEX30		-0.15479395	
MSN		-0.1555594	
SDF2L1		-0.16060093	
LFNG		-0.16117877	
IL11RA		-0.16174948	
HMGCR		-0.1617753	
SYNJ2		-0.16232577	
NPAS2		-0.1676344	
RNASE7		-0.16843434	
SNHG1		-0.1687092	
BMAL1		-0.1691268	
ENO1		-0.17051159	
TFCP2L1		-0.17184453	
HSPE1		-0.17581242	
AADAC		-0.17642637	
TXLNG		-0.17695265	
FBXL16		-0.18129623	
TMEM143		-0.18181452	
YARS1		-0.18218708	
NEMP2		-0.18292567	
NFKBIE		-0.18383084	
DDX10		-0.18424606	
PAMR1		-0.18646137	
MAST4		-0.1899824	
RRP12		-0.19106376	
SLC43A3		-0.19126782	
ZNF750		-0.19190364	
FZD10		-0.19222206	
FAM210A		-0.19271578	
HPRT1		-0.1928895	
LOC93429		-0.19323575	
KCNMB4		-0.19410646	
IL13RA1		-0.19481605	
PLPP2		-0.19537744	
TLE3		-0.19611889	
LYPD6B		-0.19756956	
RAB29		-0.19760086	
LAMB4		-0.20120338	
INAVA		-0.2027883	
SLC26A2		-0.20333914	
LPCAT3		-0.20355895	
RDH12		-0.20502955	
KRT78		-0.20563298	
TPPP3		-0.20587835	
CDCA7		-0.20661354	
ZNF33B		-0.20876245	
TPI1		-0.20946394	
HYOU1		-0.20968176	
RELT		-0.21220106	
PLEKHG5		-0.2137504	
OSR1		-0.2152789	
CDKN1A		-0.21882491	
RFX1		-0.21885811	
BOLA3		-0.21911775	
SLC34A2		-0.21987616	
ABCE1		-0.22044069	
PKP2		-0.22054335	
NDEL1		-0.22229353	
KLF13		-0.22287399	
ID1		-0.22589655	
ISG20		-0.22914529	
TK1		-0.23012026	
ANGPTL1		-0.23083843	
CRY1		-0.23240852	
P2RY2		-0.23255964	
EXPH5		-0.23293458	
AEN		-0.23377435	
UBA6		-0.23419659	
CNGA1		-0.23634757	
RAB27A		-0.23704989	
SYNPO		-0.23733993	
ETS2		-0.23964447	
RERG		-0.24150176	
PLIN3		-0.24315733	
SOX6		-0.24408883	
CALN1		-0.24500681	
DCUN1D5		-0.2468818	
USP2		-0.24803106	
LRP4		-0.24884307	
OTX1		-0.24973287	
CSTF2T		-0.25009185	
PITPNM1		-0.25174752	
CRIP1		-0.25175673	
GARS1		-0.2522407	
IFIH1		-0.25348997	
NFASC		-0.25439137	
PTRH2		-0.25691393	
ARHGEF10L		-0.25735578	
SEC61G		-0.25793043	
PMAIP1		-0.26100746	
MCUB		-0.26187238	
ZBTB21		-0.26264063	
CBARP		-0.26536202	
DOCK3		-0.26803732	
LINC01451		-0.26822963	
MLKL		-0.2700221	
HAS3		-0.2702805	
IER5L		-0.27475765	
DTX2		-0.2754635	
PPAT		-0.27564994	
TRPV4		-0.27594432	
GBP4		-0.2776507	
OSR2		-0.2782418	
PMM2		-0.2796799	
CNTNAP3		-0.28078905	
RIPK2		-0.28259733	
WNT4		-0.28480288	
TAF1D		-0.28754982	
GAS2L1		-0.28781193	
KIFC2		-0.2887404	
ITGB6		-0.2888872	
MCAM		-0.29130954	
CDK2AP2		-0.29170147	
MAK16		-0.2945942	
NDUFAF8		-0.29475924	
CCT2		-0.295182	
IDI1		-0.2968168	
KRT17		-0.29733613	
RARA		-0.29969925	
S100P		-0.3004068	
IL4R		-0.3016558	
ARL5B		-0.3024145	
JARID2		-0.30318806	
ALG2		-0.30606124	
TUBA1A		-0.30773446	
GAPDH		-0.3079134	
TRIM47		-0.30843082	
MAST1		-0.30963084	
EMX2		-0.31042758	
FBLIM1		-0.31061685	
ITGB7		-0.31109846	
LSP1		-0.31282866	
NOP16		-0.313398	
BRCA1		-0.31603605	
DCST1		-0.31756577	
TBC1D2		-0.3176416	
PDRG1		-0.31805933	
GDPD2		-0.31819797	
CEP126		-0.31919497	
PABPC4		-0.32046443	
CLDN23		-0.32239735	
NFIL3		-0.32488617	
RNF19A		-0.325512	
LSM2		-0.32569748	
NDUFAF4		-0.3271865	
CSRNP1		-0.32778722	
JUN		-0.32808653	
TSC22D3		-0.32825378	
AQP3		-0.32851467	
TTYH1		-0.32986552	
RRP9		-0.33200318	
LARP4		-0.33290786	
PLEKHA5		-0.3348745	
TARS1		-0.3374538	
C5		-0.33786708	
ARL4D		-0.3379074	
OTUD1		-0.33869892	
ANKRD9		-0.33902118	
LRRFIP2		-0.34003672	
PTK2B		-0.34006095	
NIP7		-0.3408589	
OSBP2		-0.34151042	
PPM1G		-0.34199026	
CDK17		-0.34246793	
TNFRSF25		-0.34271908	
RPUSD1		-0.3429679	
JMJD6		-0.3439731	
TMEM119		-0.3446824	
OSBPL5		-0.34497792	
NOP2		-0.34527215	
RRP1		-0.34756514	
TRAF3		-0.34792566	
BOC		-0.34797817	
FMNL2		-0.34820986	
RASAL2		-0.3484872	
STAMBPL1		-0.34932345	
SRFBP1		-0.35038766	
ZNF273		-0.35221756	
ITGAX		-0.3525029	
TEF		-0.35255417	
PNP		-0.3532039	
CPLANE2		-0.3543353	
MAFK		-0.35726288	
IRF7		-0.35839304	
ARHGAP25		-0.3586166	
CARD6		-0.35871693	
S100A2		-0.35925058	
PCP4L1		-0.3592948	
DLL1		-0.3609676	
CYP4F12		-0.36367208	
MRPL17		-0.36395645	
MIR203A		-0.36650512	
GRIP1		-0.36699778	
MAML3		-0.36787677	
EVA1C		-0.36809546	
LOC729732		-0.3695899	
MET		-0.37018934	
CDCA7L		-0.3703867	
G3BP1		-0.37136275	
AVPI1		-0.37143603	
DRC3		-0.3726307	
EFHC1		-0.3726559	
RFK		-0.3736977	
EFHD1		-0.37456274	
IRF6		-0.37576368	
CHMP1B		-0.37780592	
EFNA3		-0.37967154	
TFAP2A		-0.38041848	
C2CD2L		-0.3804278	
UCN2		-0.38137966	
FOXP2		-0.38170284	
IRAK2		-0.38185582	
MIR210HG		-0.3819694	
PPP1R14C		-0.38405	
APOL4		-0.38417554	
CEP83		-0.38492957	
ARMCX2		-0.38590032	
LYAR		-0.3863637	
KRT6A		-0.38715434	
PPARGC1A		-0.3889208	
ITPR2		-0.38979062	
FUBP1		-0.3899441	
CHD1		-0.39465722	
NDUFAF2		-0.39730132	
RORA		-0.3987033	
FBXO42		-0.39965788	
PNPLA7		-0.40018177	
FAM13A-AS1		-0.40099046	
TRIM62		-0.4013132	
ZNF281		-0.40226614	
ALAS1		-0.40338835	
SLC20A1		-0.40375194	
SLC2A3		-0.4049086	
MOB3C		-0.40615663	
LRRC37A3		-0.40829465	
HM13		-0.40915424	
HELB		-0.4100543	
HSPH1		-0.41162902	
FADS3		-0.41303107	
STXBP6		-0.41458356	
DGAT2		-0.4166769	
STAG3		-0.41702002	
SERTAD1		-0.41733292	
TOM1L2		-0.42365152	
HSPD1		-0.42600417	
NUAK2		-0.4261176	
TNNI2		-0.4283402	
ATAD3A		-0.42964715	
ZNF598		-0.43150073	
B3GALT4		-0.43635917	
CYP2S1		-0.43794787	
MARS1		-0.43833697	
MCOLN3		-0.43920627	
SRSF7		-0.43932876	
DUSP2		-0.44048265	
LOC103344931		-0.4409569	
BYSL		-0.4413198	
POLR1C		-0.44515526	
SDCBP2		-0.4482582	
TPPP		-0.44862762	
MRPS5		-0.4496144	
BAIAP3		-0.4522529	
DNMBP		-0.4526205	
NEDD4		-0.45450875	
ZNF202		-0.45452532	
AP5Z1		-0.45487785	
HCAR2		-0.45643684	
SLC5A6		-0.45658523	
LRRC2		-0.45823693	
PAK1IP1		-0.45853445	
TIGAR		-0.4586976	
EIF3J		-0.4587062	
CEBPA		-0.45923096	
SRPRB		-0.46047774	
NFIX		-0.46064284	
FOSB		-0.46097586	
PDCD5		-0.461539	
HECW2		-0.46174407	
MAPK15		-0.46192354	
HNRNPH3		-0.46219474	
VIPR1		-0.4626125	
SCUBE2		-0.4627608	
CCN3		-0.4636889	
RHCG		-0.46478888	
LPCAT1		-0.46562138	
GTPBP1		-0.46595955	
RAP2B		-0.4661442	
WNK2		-0.4688095	
EPHB1		-0.4694459	
CCL19		-0.46961656	
DSG3		-0.46970913	
URB2		-0.47105235	
MAB21L3		-0.4719474	
PUS1		-0.4732549	
MEF2D		-0.47496834	
LONRF1		-0.4750678	
MRPS12		-0.47783765	
KRT15		-0.48103857	
CYCS		-0.48129073	
MRPL24		-0.48216227	
ZC3H12A		-0.48521	
SNRPG		-0.4861288	
BCOR		-0.48851764	
NELL2		-0.48951393	
GALNT14		-0.4895265	
NFATC1		-0.49014065	
COX7A1		-0.49110004	
RRS1		-0.49245557	
TSPAN7		-0.4944006	
FOSL2		-0.49528807	
UBE2D1		-0.49589244	
PBDC1		-0.49951452	
LINC00511		-0.50162023	
CORO6		-0.5066813	
TGIF1		-0.5105656	
FOSL1		-0.51058483	
SNHG3		-0.5107769	
REL		-0.5109628	
PHLPP1		-0.51146775	
GAR1		-0.5128087	
MNT		-0.5137438	
SGCD		-0.5138608	
FAM117A		-0.51439697	
PALMD		-0.51442075	
ASNS		-0.51468176	
BHLHE40		-0.5159717	
HBEGF		-0.51723796	
NOP56		-0.517576	
NDUFA4L2		-0.5179291	
CMSS1		-0.519099	
FRAT2		-0.51941437	
JUNB		-0.52050793	
ZNF446		-0.52268225	
MRPL32		-0.52365005	
ARHGAP33		-0.52422166	
LINC02693		-0.524349	
APOO		-0.5246039	
TRPV3		-0.5249827	
ZFP36L1		-0.52619225	
NIFK		-0.5277904	
GNPDA1		-0.5289895	
PLXNB3		-0.5296703	
ARHGEF26		-0.5310004	
POLR1H		-0.5323511	
GNPNAT1		-0.5327569	
PUM3		-0.533847	
COBL		-0.5351557	
DKC1		-0.53520447	
PIGA		-0.5353736	
NOLC1		-0.53663015	
BAK1		-0.5378393	
HMBS		-0.5402537	
MYB		-0.5402943	
CFAP70		-0.5410032	
CCSAP		-0.54125625	
ACCS		-0.5457009	
UTP4		-0.5470212	
UBE2S		-0.5470541	
IMP4		-0.54721516	
TOMM40		-0.5473485	
POSTN		-0.5475848	
WDR74		-0.5478805	
PDK1		-0.54836726	
TTLL3		-0.54869527	
OBSL1		-0.54899484	
SMAD7		-0.54986525	
ARB2A		-0.5503565	
KIF27		-0.5516878	
FAM83A		-0.55169415	
PSMG1		-0.5536385	
STIP1		-0.55514556	
MIR99AHG		-0.5560537	
GRWD1		-0.5561204	
PKD1P5		-0.55818546	
SLC10A6		-0.5592937	
PLEK2		-0.56113	
ZNF331		-0.5619434	
AP1G2-AS1		-0.5637781	
MRPL3		-0.5647542	
PPAN		-0.5667247	
MATN2		-0.56780857	
USPL1		-0.56851625	
POLR2D		-0.56915337	
CAMSAP3		-0.569303	
CDH3		-0.5701255	
EOLA1-DT		-0.5705279	
MTERF3		-0.57064503	
NPEPL1		-0.5712389	
NEK11		-0.57127994	
SNRK		-0.57287663	
NRG2		-0.57320493	
PINX1		-0.57334656	
CNTNAP3B		-0.5761865	
JHY		-0.5769841	
EIF5		-0.5801377	
PPM1D		-0.5802105	
TOB2		-0.5824277	
POLR1E		-0.58302844	
ZNF841		-0.58304006	
IPO7		-0.5831656	
FKBP4		-0.5845035	
NCBP2		-0.58667696	
POLR1G		-0.58738613	
RPF2		-0.5877613	
CACNA2D2		-0.587872	
URB1		-0.59075314	
ACKR3		-0.5917071	
TMEM63C		-0.5918516	
ZNF440		-0.5943589	
MAT2A		-0.5949516	
PPOX		-0.5953953	
DDX31		-0.59710497	
SLC9A3		-0.5978461	
IRS2		-0.59792787	
HAS1		-0.5985744	
LOC102724428		-0.60023713	
PACSIN3		-0.60055184	
ZDHHC11		-0.60112405	
AMOTL2		-0.6012653	
ALPK3		-0.6025425	
BTG2		-0.60272443	
SLC6A8		-0.6044556	
ARHGAP27P1-BPTFP1-KPNA2P3		-0.60526496	
RPP25		-0.6053171	
AREG		-0.6054547	
LLPH		-0.61071277	
NRBP2		-0.6109854	
MRTO4		-0.6113729	
IRF2BP2		-0.6121712	
RBL1		-0.6175665	
PCNX4		-0.6197767	
FUS		-0.6206164	
TRNT1		-0.62145334	
NR4A2		-0.6249186	
IFRD2		-0.625164	
ALKBH2		-0.625395	
DENND2B		-0.6273403	
ANKRD33B		-0.6278222	
LOC102724159		-0.63030547	
AARS1		-0.6311973	
ZDHHC11B		-0.6315755	
GJB2		-0.6328842	
COL7A1		-0.63597643	
PUS3		-0.63882256	
STOX2		-0.63903147	
CCDC14		-0.64108235	
ISOC2		-0.642098	
UTP14A		-0.64426464	
BRD1		-0.6448469	
SMIM10L1		-0.64524955	
DUSP6		-0.6455253	
GPATCH4		-0.64695984	
GSTA4		-0.64731115	
UBTD1		-0.6481806	
SHB		-0.6489597	
MTHFD2		-0.64998657	
NR4A1		-0.65109754	
MLXIP		-0.6518024	
KLF12		-0.6544417	
SNAI2		-0.6559606	
DCAF13		-0.65671194	
GSE1		-0.6571681	
ZBTB20		-0.6589463	
TTL		-0.66105163	
EPHA2		-0.6630814	
POLR3D		-0.66536516	
SLFN13		-0.66795164	
SMCO4		-0.6679569	
HAUS7		-0.66858685	
COA7		-0.67161536	
SFXN4		-0.672623	
METTL1		-0.6743088	
CLPB		-0.6750324	
TRIM21		-0.6754717	
NUP58		-0.6770782	
ITPRIP		-0.6781364	
TRIM27		-0.67897457	
WDR36		-0.680422	
SGK3		-0.6820402	
ENTPD7		-0.68330115	
NECTIN4		-0.6848656	
PDZD4		-0.685697	
TSSK4		-0.6860861	
NREP		-0.6867304	
NRARP		-0.6877299	
AMD1		-0.68831116	
DNAJA1		-0.68847215	
SETBP1		-0.6892776	
PAICS		-0.69001186	
USB1		-0.6912744	
GTF3C6		-0.6913707	
KRT16		-0.6916477	
STT3A		-0.692752	
PTCH2		-0.6948175	
NOL6		-0.69512624	
TWNK		-0.6962313	
NPM1		-0.6964938	
WDR3		-0.696651	
NEIL1		-0.6972836	
FRAT1		-0.6977949	
LNX2		-0.6982668	
C1orf216		-0.69855124	
SRGAP3		-0.6985691	
C14orf119		-0.7006224	
ZFP36L2		-0.7016756	
PDK4		-0.7023539	
NHP2		-0.7024741	
FGF11		-0.70262563	
TMEM185B		-0.7039111	
GPC1		-0.70576406	
RASSF10		-0.70580167	
GSDMC		-0.70612854	
BBIP1		-0.7092538	
MAMDC2		-0.7106664	
CHORDC1		-0.7110701	
ANKRD36C		-0.7115462	
SH3RF1		-0.7115761	
MCF2L		-0.7120513	
TOMM5		-0.71231896	
MIDN		-0.71574783	
MEGF6		-0.7177504	
DPH3		-0.7179811	
EBNA1BP2		-0.7181191	
ENTR1		-0.72000605	
SH3BP2		-0.720634	
PLEKHG3		-0.72431874	
PNPLA3		-0.72500336	
RAPGEF3		-0.72643584	
LOC122526782		-0.7275829	
LRIG3		-0.72871697	
WDR12		-0.7288783	
HNRNPAB		-0.7310631	
ARID3A		-0.7323974	
ANKRD36B		-0.7338615	
EXD3		-0.73575914	
OSTC		-0.73594344	
KRT6C		-0.73648286	
LYRM9		-0.73709923	
SNHG12		-0.73849577	
OXSM		-0.7384997	
UTP6		-0.73867834	
MPV17L2		-0.73870385	
CNIH1		-0.7398482	
ZDHHC13		-0.7403334	
H1-0		-0.74067056	
PIM3		-0.74116963	
KPNA2		-0.7429593	
CBX4		-0.7438486	
HHAT		-0.7449422	
ZNF195		-0.7455038	
ZNF200		-0.74826425	
IER3		-0.748872	
CTPS1		-0.74956506	
RAB40C		-0.7500688	
DNM1		-0.750127	
CXCL14		-0.751502	
LINC01503		-0.7518372	
ELF4		-0.75301456	
TUBB		-0.7531462	
TOB1		-0.7544074	
TRIM25		-0.7570198	
BANF1		-0.758955	
ULK1		-0.7591589	
MN1		-0.7606092	
F12		-0.7622191	
LINC02615		-0.76226443	
NRG1		-0.76322955	
METAP1D		-0.76352346	
HNRNPU		-0.7637055	
COA4		-0.76504105	
NXPH4		-0.76513666	
ABCG1		-0.7652901	
NUDCD1		-0.7653171	
SRM		-0.7655278	
CCT7		-0.76578593	
ANKRD37		-0.7665755	
CANT1		-0.76949036	
GSTM2		-0.771568	
SNX33		-0.7770841	
FAM110C		-0.7775472	
GALE		-0.7781699	
PDK2		-0.778323	
DCTPP1		-0.7788504	
HSP90AA1		-0.77968425	
SYS1		-0.78006834	
MRPS17		-0.7806769	
TAF5		-0.7809879	
UTP11		-0.781299	
ATXN7		-0.7879091	
RAPGEFL1		-0.78989124	
RPGRIP1L		-0.7899256	
TUBA1B		-0.7927124	
TANGO6		-0.7929475	
HOXC11		-0.79464316	
TXNDC17		-0.7951495	
B9D1		-0.7958794	
WDR47		-0.7961585	
GPR68		-0.7977348	
NR2C2AP		-0.79858255	
MEF2A		-0.7998441	
FARSB		-0.8018439	
PIGW		-0.80259466	
SNHG20		-0.804734	
TOMM34		-0.80597484	
IDUA		-0.80767894	
FGD4		-0.80940944	
CCT5		-0.81183976	
PDE9A		-0.8120557	
CHEK2		-0.81319606	
RHOT1		-0.8145825	
TEDC1		-0.81574917	
TRMT1		-0.8164179	
MARS2		-0.8173528	
WEE1		-0.8177076	
C1QTNF12		-0.8186753	
COX20		-0.8189573	
TENM4		-0.8218255	
PPIL1		-0.8233035	
POLR1B		-0.823333	
ME2		-0.82375234	
AHSA1		-0.82445455	
DPH2		-0.8248366	
SHMT2		-0.8274704	
NAT10		-0.8296048	
CISD1		-0.8296548	
PID1		-0.830047	
DCST2		-0.8303971	
TIMM23B		-0.83060193	
FAM229A		-0.8335821	
IQCN		-0.83511674	
TSHZ1		-0.83610404	
TENT5C		-0.83667856	
PHF23		-0.8389888	
KMT5C		-0.8396622	
SEC31B		-0.8416941	
CDCA4		-0.84316444	
LARS1		-0.84344846	
NINL		-0.84405994	
PPP1R3C		-0.8469211	
SCIN		-0.8483851	
CTDP1		-0.848415	
MPZL2		-0.84950787	
RRP7A		-0.8519922	
SLC38A5		-0.8520015	
ABCF2		-0.8522963	
TSPOAP1		-0.8540374	
FOXN3		-0.8540658	
RAN		-0.85810494	
SMG9		-0.8618019	
VSNL1		-0.8624661	
ASS1		-0.86288494	
GTF2IRD2		-0.86549854	
POLB		-0.8657791	
NGLY1		-0.86675376	
BCL2L11		-0.86762106	
PGAM5		-0.8695598	
ADSL		-0.8703437	
PARD3		-0.8727477	
DZIP1L		-0.8739873	
CAPN12		-0.8742942	
SOX5		-0.87600374	
LMNTD2		-0.87647367	
ITGA3		-0.87668777	
TUBGCP4		-0.87698156	
GP1BA		-0.87715423	
GPX2		-0.8779117	
SLC16A1		-0.8779406	
RPL22L1		-0.8800172	
ISG20L2		-0.8805835	
TNFSF10		-0.8807457	
PEDS1		-0.88143927	
SFN		-0.8820686	
CARD16		-0.8831354	
EEF1AKMT3		-0.8833964	
PLEKHH3		-0.88484126	
FBXO5		-0.8866134	
NMI		-0.88700384	
FBXO22		-0.88858956	
EHD3		-0.88973665	
NLE1		-0.8909349	
FAM98A		-0.8913912	
ZRANB2		-0.89181817	
GEMIN5		-0.89306265	
IARS1		-0.89312243	
EDA		-0.8933317	
ABCA2		-0.8936377	
FARSA		-0.8936453	
KCTD11		-0.8952373	
ANKRD29		-0.89564157	
THSD1		-0.8973346	
DAAM1		-0.8977664	
EIF2B2		-0.90193737	
SERHL2		-0.9112319	
DUOX2		-0.9118483	
NARS2		-0.9132318	
CADM1		-0.9135263	
HEATR1		-0.9149791	
ZNRF3		-0.9155688	
FLNC		-0.9171347	
PUS7		-0.9173815	
ZNF710-AS1		-0.91745335	
LOC100130691		-0.919859	
SNAPC1		-0.9226475	
THAP1		-0.9240434	
YIF1A		-0.92469853	
FAM120C		-0.92799306	
ERF		-0.9312405	
TRMT61A		-0.93438745	
ANKRD36		-0.93461746	
PIGZ		-0.9352034	
ZNF286A		-0.9358533	
TTC4		-0.93731415	
C11orf98		-0.94059914	
GART		-0.94162095	
S100A11		-0.9433779	
SAYSD1		-0.9438415	
PLEKHA8		-0.9462091	
ID2		-0.9462136	
NUP35		-0.94748235	
NME1		-0.94933033	
PDCD11		-0.9506643	
RAC3		-0.9515781	
ACKR4		-0.9523056	
LENG8		-0.95319635	
FAM131A		-0.95327896	
GALNT6		-0.9541086	
ZNF711		-0.9541815	
COL9A2		-0.95549655	
CNTFR		-0.9556875	
TFDP2		-0.95651567	
ZNF703		-0.95701534	
ERI1		-0.95740694	
NFYA		-0.96060646	
ECE2		-0.96101815	
KCNQ1OT1		-0.9624914	
CCDC146		-0.96292204	
LMNTD2-AS1		-0.9630384	
SNRNP25		-0.96324325	
COA6		-0.96419847	
NPM3		-0.9672776	
BMP2		-0.96896833	
FAM221A		-0.9697101	
PA2G4		-0.9727231	
UBXN8		-0.97351557	
CD1A		-0.9759747	
TBC1D5		-0.97882634	
CASP4		-0.97956115	
TMEM150A		-0.98274857	
WDR89		-0.98341185	
EFNA1		-0.9837636	
MAFG		-0.9856489	
KLF4		-0.98613113	
TENM1		-0.98664886	
KCNC3		-0.987005	
RN7SL2		-0.98799115	
MIR205HG		-0.98909557	
BCAR3		-0.9891821	
DNAH1		-0.9930687	
GNA15		-0.9937126	
GALNT3		-0.9953351	
ABCA10		-0.99575865	
SLC41A1		-0.9992506	
ZER1		-0.9995656	
INPP5A		-0.9999994	
RPS6KA5		-1.0002061	
ATP8A1		-1.0033673	
MFSD2A		-1.0050852	
TRIL		-1.0067708	
RFX3		-1.0081836	
CCDC24		-1.0105588	
AGPAT5		-1.0106086	
SACS		-1.0140308	
TRAF2		-1.017707	
HES1		-1.0191562	
CARNMT1		-1.019819	
FASTKD1		-1.020305	
POLR3G		-1.020604	
ZNF470		-1.0241514	
RALGDS		-1.02573	
IRX4		-1.026101	
PRMT5		-1.027025	
ATP1A2		-1.0287547	
PYCR1		-1.0306841	
CDKN1B		-1.0342523	
ODF2		-1.0351462	
SLC39A10		-1.0374371	
LOC100418723		-1.0379014	
IL33		-1.0397147	
CTU2		-1.0400511	
CLN6		-1.0405325	
LST1		-1.041468	
CRY2		-1.0455908	
DFFA		-1.0474219	
BOP1		-1.0476162	
FSCN1		-1.0490084	
MED20		-1.0515107	
FERRY3		-1.0524075	
SMYD5		-1.0525031	
CCT4		-1.0533192	
CDK4		-1.0533795	
TMPRSS9		-1.0554711	
TIPARP		-1.0556767	
INPP1		-1.0571898	
MAML2		-1.0575715	
OAS1		-1.0614414	
BARD1		-1.0640564	
LCE3E		-1.064615	
CDK20		-1.0652025	
AGAP4		-1.0669225	
PIDD1		-1.068234	
ZNF471		-1.0700275	
PDLIM4		-1.0742651	
MXD3		-1.0747513	
JUND		-1.079383	
F3		-1.0796461	
ARHGEF25		-1.082446	
INTS13		-1.0835564	
SLC22A17		-1.0853262	
TXNL4B		-1.0859079	
ZNF473		-1.0866809	
FOXO6		-1.0874399	
WDR4		-1.089311	
EHF		-1.0900679	
NAGK		-1.0911913	
AHDC1		-1.0917408	
EDIL3		-1.0918956	
MAT1A		-1.0935693	
MRPL51		-1.094665	
BCL9L		-1.0959382	
PHB1		-1.098328	
BCAS3		-1.0993679	
MRPL12		-1.1000315	
ZSCAN31		-1.1004136	
ZNF181		-1.1029047	
RIGI		-1.1034029	
PIP5K1A		-1.1049857	
GEMIN6		-1.1087307	
TRIM35		-1.1102068	
ASPA		-1.1102449	
ARL8A		-1.1126533	
ZBTB22		-1.1151053	
DUSP5		-1.1154993	
NAB2		-1.1157743	
PTAFR		-1.1176488	
NOC3L		-1.1177747	
RBM14		-1.1178002	
ABCC5		-1.1198916	
ZNF607		-1.1221011	
ZNF354A		-1.1228777	
DYNLL1		-1.1244746	
SRXN1		-1.1252148	
KDM7A		-1.1253744	
MED30		-1.1293838	
TTC32		-1.1297265	
KCTD7		-1.1332282	
RPGR		-1.1357222	
CCT3		-1.1360825	
GABBR1		-1.1368409	
NOPCHAP1		-1.140261	
PRMT3		-1.1412228	
SAMHD1		-1.141581	
NKD2		-1.1457593	
MRPL27		-1.1464684	
N4BP2L2-IT2		-1.1480002	
TNFAIP3		-1.1482294	
CDON		-1.1497322	
JPT1		-1.1512455	
HID1		-1.1535593	
RORC		-1.1608231	
RLF		-1.1624563	
TSPAN2		-1.1649626	
IER5		-1.1658565	
CKS2		-1.1676519	
TMEM216		-1.1679242	
SKI		-1.1699401	
C6orf62		-1.1708935	
RFX2		-1.173374	
FAM114A2		-1.1737312	
TIMM8A		-1.1783007	
DCLRE1A		-1.1790909	
MYL5		-1.1807203	
UBQLN4		-1.1856203	
ITGA9		-1.1890844	
TBCCD1		-1.190068	
LAGE3		-1.1925079	
LRIF1		-1.1933126	
NOXA1		-1.1933268	
UQCC2		-1.1940826	
ZNF704		-1.1947366	
REXO4		-1.1958846	
ORMDL2		-1.1961446	
MARVELD3		-1.1961597	
FAM13A		-1.199518	
PLPBP		-1.1996976	
ALG3		-1.2008826	
YBX2		-1.2051972	
DTD2		-1.2054996	
RPP40		-1.2069774	
AMY2B		-1.2077197	
SRSF1		-1.2083116	
POLR2J4		-1.2087342	
SLC5A3		-1.209768	
RREB1		-1.2100446	
TOMM40L		-1.2103871	
LTB4R2		-1.2106292	
DMAC1		-1.2126356	
FGGY		-1.2133548	
PER2		-1.2141161	
ACVR1B		-1.2155298	
SAC3D1		-1.2179397	
AKAP8L		-1.2240038	
ZMAT1		-1.2246984	
TMA16		-1.2277108	
SLC7A11		-1.2284924	
BEAN1		-1.2288375	
CCDC167		-1.2341903	
TP53		-1.234369	
ZDHHC14		-1.2353108	
HFE		-1.2423565	
ROR1		-1.243996	
WDCP		-1.258302	
ARFRP1		-1.2615564	
POLH		-1.2650087	
RCOR3		-1.2733932	
ACSF2		-1.275986	
AATK		-1.2762253	
ICA1L		-1.2769443	
BTBD16		-1.2785217	
ACADL		-1.2788721	
LRWD1		-1.2790846	
IL2RG		-1.2802429	
PKD1P6		-1.2808412	
ARL15		-1.2814062	
SLC2A1		-1.2820091	
PLA2G6		-1.2821568	
ZC3HAV1		-1.2831702	
CSKMT		-1.2843211	
HSPA8		-1.2879521	
ZNF821		-1.2880623	
CMTR2		-1.289959	
CASP1		-1.2927068	
ZNF480		-1.2961335	
MON1A		-1.2976495	
DIO3OS		-1.2999991	
CRACR2B		-1.3052542	
PSRC1		-1.3109745	
ROR2		-1.3122698	
TUBG1		-1.3147557	
ZNF449		-1.3156182	
IMPDH2		-1.3157518	
ARID4A		-1.3172891	
WDR77		-1.318734	
POLR3K		-1.3230697	
RTEL1-TNFRSF6B		-1.3238522	
CAMKK1		-1.32446	
TUBA1C		-1.3351442	
PPID		-1.3385477	
MMACHC		-1.3434587	
PIGF		-1.3441235	
POP1		-1.3465124	
MTRR		-1.3477004	
ATPSCKMT		-1.350341	
CDKN2B		-1.355294	
LINC01133		-1.3570946	
DDX60L		-1.3573672	
TRIM69		-1.3622054	
ZMIZ1		-1.3642957	
ANOS1		-1.3707706	
SEMA4F		-1.3721077	
H3-3B		-1.3722457	
KLHL21		-1.3752831	
ZNF79		-1.3787432	
MIDEAS		-1.383003	
PLEKHH2		-1.3866192	
CYP4B1		-1.3867714	
ATG14		-1.3870325	
TBC1D22A-DT		-1.387357	
UBOX5		-1.3918056	
TRAPPC9		-1.3926066	
BANP		-1.3968998	
LOC101929719		-1.3985949	
KRT73		-1.3990418	
TMEM177		-1.4014367	
ARMC6		-1.4016732	
BCL2		-1.4018985	
SLC24A3		-1.4048945	
PRKCA		-1.4055307	
CD1E		-1.4103624	
PAQR6		-1.4170325	
GPR15LG		-1.4202818	
MGA		-1.4221048	
TBX1		-1.4259174	
GOLGA7B		-1.4281353	
TMEM104		-1.4287305	
TMEM241		-1.4307171	
ITGA2		-1.4313122	
TMPRSS4		-1.4328984	
DPAGT1		-1.4333174	
ZNF696		-1.4337732	
MAPK8IP1		-1.4369955	
DNAAF10		-1.4380416	
ZXDB		-1.4412675	
MYH10		-1.445229	
TRAC		-1.4463522	
MRPS33		-1.4470738	
HGH1		-1.4479612	
ARHGEF28		-1.4498416	
ZNF512		-1.4513754	
C10orf95-AS1		-1.4548422	
SLC25A27		-1.4555357	
NLN		-1.4585845	
LINC00641		-1.4652172	
LY6G5B		-1.4679526	
SAMD9		-1.471812	
HNRNPDL		-1.473932	
PFAS		-1.475896	
ANKEF1		-1.480532	
NMNAT1		-1.4818028	
HEATR3		-1.494805	
MEPCE		-1.4950652	
MANEAL		-1.4960746	
DARS2		-1.4997814	
SUV39H2		-1.5006729	
KTN1-AS1		-1.506391	
RBM33		-1.508671	
PARD3B		-1.5089753	
IFFO2		-1.5102549	
ZNF322		-1.5134087	
KDM6B		-1.5183281	
H1-10		-1.520822	
EXO5		-1.5215014	
ZNF525		-1.5223022	
SLC2A13		-1.5321032	
MT1X		-1.5332154	
BCL6		-1.5332974	
KITLG		-1.5407196	
FUT2		-1.5419929	
ZNF74		-1.5463511	
SOX8		-1.5481728	
TEFM		-1.5539482	
WWOX		-1.564696	
ZNF628		-1.5651183	
TRMT13		-1.5687947	
PIGM		-1.5735205	
SLC16A13		-1.5876992	
WDR31		-1.587786	
SPRY2		-1.6012737	
MRPL20-AS1		-1.6020561	
RIPOR3		-1.6042628	
SKAP2		-1.6053222	
DENND1A		-1.6127936	
EXOSC3		-1.6186347	
EEF2KMT		-1.6239	
LIAS		-1.6239582	
PNPO		-1.6270239	
MUS81		-1.6322886	
RCC1		-1.6399503	
PER1		-1.6407037	
LMNB2		-1.6422485	
PAGR1		-1.6425872	
ARHGAP24		-1.6430454	
METTL21A		-1.6437793	
RPA2		-1.6488235	
PBLD		-1.6566252	
KDM3A		-1.6584288	
HOXC4		-1.6597623	
PDCD2		-1.6618824	
LPAR3		-1.6643567	
ZNF43		-1.6654468	
ZNF785		-1.6807693	
GCSAM		-1.6914141	
FAM200A		-1.693793	
GJC2		-1.6954002	
RPP25L		-1.6993405	
TUBB4B		-1.7013673	
JPT2		-1.7025373	
ELL3		-1.7055346	
SHQ1		-1.7057155	
WDR5B		-1.7172871	
FPGT		-1.7211379	
MED18		-1.7219365	
HCG11		-1.7304304	
KIF26A		-1.739454	
ZNF518A		-1.7421721	
KCTD21		-1.742203	
FABP5		-1.7436354	
CDC20		-1.7456163	
TRNP1		-1.7473582	
MED22		-1.7565569	
CEP78		-1.7633777	
IFITM10		-1.7659403	
CXCR2		-1.7677946	
ARL4A		-1.7696476	
PKD1P6-NPIPP1		-1.7703066	
CD207		-1.7759057	
SH3BP5-AS1		-1.7792817	
PREPL		-1.7793355	
ZNF780A		-1.8161386	
FOS		-1.8167735	
TSC22D1		-1.8212154	
TRIM14		-1.8233705	
AP3M2		-1.8311961	
LRATD1		-1.831562	
TMEM250		-1.8392254	
TIMMDC1		-1.8406922	
ATG4C		-1.8416743	
PDXDC2P-NPIPB14P		-1.8417588	
TDRD7		-1.8435981	
DHX34		-1.8504541	
CNTLN		-1.8515196	
DHRS3		-1.8839221	
FARS2		-1.8904142	
SEMA3F-AS1		-1.9031802	
CD1C		-1.9118453	
C2orf42		-1.9140046	
CDC7		-1.9146057	
LINC00958		-1.9212193	
ADGRB1		-1.9262644	
TRIM68		-1.9317296	
MYO15B		-1.9338111	
FBXO36		-1.9384924	
ZNF234		-1.9410435	
RSRP1		-1.9425569	
DIAPH2		-1.9491948	
ALDH4A1		-1.9664989	
CAD		-1.9684144	
BCDIN3D		-1.9688594	
RWDD2B		-1.9816526	
KRT72		-1.9825706	
MYOM3		-1.9842296	
RAB23		-1.9887452	
POLR1HASP		-1.9896262	
PHC1		-1.9917403	
FAM107A		-1.993218	
FLRT3		-2.001187	
KLF9		-2.0019329	
ZSCAN26		-2.016821	
RUVBL1		-2.0194194	
SLC9A9		-2.019689	
HLF		-2.025682	
ZNF292		-2.0297632	
SRBD1		-2.0311377	
SLC36A1		-2.0451388	
NAALADL2		-2.049161	
ZNF616		-2.1099713	
PELI2		-2.122384	
CA2		-2.1228213	
IL3RA		-2.14229	
LCMT2		-2.1427267	
BCORL1		-2.1439137	
TRPC6		-2.1471715	
SLX4IP		-2.1609354	
ARHGAP30		-2.1618893	
CEP112		-2.1691601	
ZNF692		-2.182145	
C6orf226		-2.1919708	
GOLGA6L9		-2.2091584	
ARL10		-2.2137213	
OVGP1		-2.2181134	
SMURF1		-2.2269294	
C19orf44		-2.2294648	
BIVM		-2.237619	
POP5		-2.240385	
TTC39A		-2.2589173	
SDC4		-2.264781	
H2AX		-2.2725852	
CSAD		-2.277652	
MARVELD2		-2.2820268	
OMA1		-2.286916	
TLE2		-2.3000443	
PYCR3		-2.302582	
SLC25A15		-2.3177836	
C19orf25		-2.3210437	
N6AMT1		-2.3522706	
BNC2		-2.3742461	
SDHAF4		-2.378096	
DPH5		-2.3833623	
DENND2D		-2.4024394	
ELP6		-2.4071898	
FAM86C1P		-2.4210827	
RABIF		-2.4256968	
AHCY		-2.4264386	
GPRC5D-AS1		-2.4360669	
SPSB2		-2.4396617	
TACC1		-2.448765	
RETREG1		-2.4492426	
SRSF5		-2.522885	
PDZRN3		-2.5283077	
IPMK		-2.541861	
TBC1D8		-2.5573432	
LDLRAD4		-2.566288	
DMD		-2.5771425	
STYXL1		-2.5933645	
CLCA2		-2.599169	
FAM83D		-2.6007774	
ZNF232		-2.6046572	
SMYD3		-2.6170444	
ZNF395		-2.62353	
ZDHHC16		-2.6668384	
HERPUD2-AS1		-2.6926925	
ZNF2		-2.7481556	
LGI4		-2.7606149	
C1orf74		-2.7679265	
EPB41L4B		-2.7912045	
VCF2		-2.8539264	
FIGNL1		-2.8554664	
NCKAP5L		-2.8798544	
RBM12B		-2.9134588	
FAM107B		-2.942043	
CLK1		-2.973633	
ZNF691		-3.006081	
TRAF5		-3.0826921	
PSPH		-3.0972767	
CBR3		-3.1015022	
CCDC142		-3.1034353	
LRRC8C		-3.133714	
CCNB1		-3.1509888	
SLC43A1		-3.1594596	
PIGV		-3.21054	
JRKL		-3.286971	
IGIP		-3.3178592	
EFEMP1		-3.333874	
SLC38A9		-3.428901	
U2AF1		-3.429113	
ZNF780B		-3.4720192	
MYADM		-3.515639	
SMUG1		-3.5229573	
NRAV		-3.7119212	
FHL3		-3.736218	
EEF1AKMT1		-4.2138505	
FLRT2		-4.292079	
HSF2		-4.3572855	
TMEM45B		-4.8240147	
STAR		-5.22563	
CEBPA-DT		-5.8111286	
